2025-02-27 18:24:43.480 - collectorLogger - NeuroscanImplement.startup - INFO - 启动10.112.173.220:4455放大器连接，最长等待时间5秒...
2025-02-27 18:24:46.628 - collectorLogger - NeuroscanImplement.__get_device_info - INFO - requestINFO: size=[24], eegChan=[10], sampleRate=[1000], datasize=[4]
2025-02-27 18:24:46.644 - collectorLogger - NeuroscanImplement.__requestChannelInfo - INFO - channelLabels:['ch1', 'ch2', 'ch3', 'ch4', 'ch5', 'ch6', 'ch7', 'ch8', 'ch9', 'ch10']
2025-02-27 18:24:46.645 - collectorLogger - NeuroscanImplement.startup - INFO - 10.112.173.220:4455放大器连接成功
2025-02-27 18:24:46.645 - collectorLogger - GrpcServer.startup - INFO - Starting GRPC Server
2025-02-27 18:24:46.646 - collectorLogger - GrpcServer.startup - DEBUG - GRPC Server add servicer <Collector.control.ExternalTriggerServer.ExternalTriggerServer object at 0x000001E61B2EC7F0>
2025-02-27 18:24:46.649 - collectorLogger - GrpcServer.startup - DEBUG - GRPC Server listening on [::]:8972
2025-02-27 18:24:46.649 - collectorLogger - GrpcServer.startup - INFO - GRPC Server started
2025-02-27 18:24:46.649 - collectorLogger - RPCController.startup - INFO - RPCController已启动
2025-02-27 18:24:46.705 - collectorLogger - NeuroscanImplement.__read_data - INFO - 未发送数据
2025-02-27 18:24:47.176 - collectorLogger - NeuroscanImplement.__read_data - INFO - 未发送数据
2025-02-27 18:24:47.679 - collectorLogger - NeuroscanImplement.__read_data - INFO - 未发送数据
2025-02-27 18:24:48.180 - collectorLogger - NeuroscanImplement.__read_data - INFO - 未发送数据
2025-02-27 18:24:48.695 - collectorLogger - NeuroscanImplement.__read_data - INFO - 未发送数据
2025-02-27 18:24:49.104 - collectorLogger - CommandController.receive_message - INFO - 收到命令控制消息: CollectorControlModel(package=SendDeviceInfoControlModel())
2025-02-27 18:24:49.106 - collectorLogger - NeuroscanImplement.send_device_info - INFO - 发送设备信息
2025-02-27 18:24:49.194 - collectorLogger - NeuroscanImplement.__read_data - INFO - 未发送数据
2025-02-27 18:24:49.710 - collectorLogger - NeuroscanImplement.__read_data - INFO - 未发送数据
2025-02-27 18:24:50.006 - collectorLogger - CommandController.receive_message - INFO - 收到命令控制消息: CollectorControlModel(package=StartDataSendingControlModel())
2025-02-27 18:24:50.413 - collectorLogger - NeuroscanImplement.__read_data - INFO - 发送处理数据完毕
2025-02-27 18:24:50.415 - collectorLogger - NeuroscanImplement.__read_data - INFO - 发送处理数据完毕
2025-02-27 18:24:50.417 - collectorLogger - NeuroscanImplement.__read_data - INFO - 发送处理数据完毕
2025-02-27 18:24:50.418 - collectorLogger - NeuroscanImplement.__read_data - INFO - 发送处理数据完毕
2025-02-27 18:24:50.420 - collectorLogger - NeuroscanImplement.__read_data - INFO - 发送处理数据完毕
2025-02-27 18:24:50.421 - collectorLogger - NeuroscanImplement.__read_data - INFO - 发送处理数据完毕
2025-02-27 18:24:50.423 - collectorLogger - NeuroscanImplement.__read_data - INFO - 发送处理数据完毕
2025-02-27 18:24:50.424 - collectorLogger - NeuroscanImplement.__read_data - INFO - 发送处理数据完毕
2025-02-27 18:24:50.426 - collectorLogger - NeuroscanImplement.__read_data - INFO - 发送处理数据完毕
2025-02-27 18:24:50.427 - collectorLogger - NeuroscanImplement.__read_data - INFO - 发送处理数据完毕
2025-02-27 18:24:50.429 - collectorLogger - NeuroscanImplement.__read_data - INFO - 发送处理数据完毕
2025-02-27 18:24:50.430 - collectorLogger - NeuroscanImplement.__read_data - INFO - 发送处理数据完毕
2025-02-27 18:24:50.431 - collectorLogger - NeuroscanImplement.__read_data - INFO - 发送处理数据完毕
2025-02-27 18:24:50.433 - collectorLogger - NeuroscanImplement.__read_data - INFO - 发送处理数据完毕
2025-02-27 18:24:50.434 - collectorLogger - NeuroscanImplement.__read_data - INFO - 发送处理数据完毕
2025-02-27 18:24:50.436 - collectorLogger - NeuroscanImplement.__read_data - INFO - 发送处理数据完毕
2025-02-27 18:24:50.437 - collectorLogger - NeuroscanImplement.__read_data - INFO - 发送处理数据完毕
2025-02-27 18:24:50.438 - collectorLogger - NeuroscanImplement.__read_data - INFO - 发送处理数据完毕
2025-02-27 18:24:50.439 - collectorLogger - NeuroscanImplement.__read_data - INFO - 发送处理数据完毕
2025-02-27 18:24:50.441 - collectorLogger - NeuroscanImplement.__read_data - INFO - 发送处理数据完毕
2025-02-27 18:24:50.442 - collectorLogger - NeuroscanImplement.__read_data - INFO - 发送处理数据完毕
2025-02-27 18:24:50.443 - collectorLogger - NeuroscanImplement.__read_data - INFO - 发送处理数据完毕
2025-02-27 18:24:50.445 - collectorLogger - NeuroscanImplement.__read_data - INFO - 发送处理数据完毕
2025-02-27 18:24:50.446 - collectorLogger - NeuroscanImplement.__read_data - INFO - 发送处理数据完毕
2025-02-27 18:24:50.447 - collectorLogger - NeuroscanImplement.__read_data - INFO - 发送处理数据完毕
2025-02-27 18:24:50.449 - collectorLogger - NeuroscanImplement.__read_data - INFO - 发送处理数据完毕
2025-02-27 18:24:50.450 - collectorLogger - NeuroscanImplement.__read_data - INFO - 发送处理数据完毕
2025-02-27 18:24:50.451 - collectorLogger - NeuroscanImplement.__read_data - INFO - 发送处理数据完毕
2025-02-27 18:24:50.453 - collectorLogger - NeuroscanImplement.__read_data - INFO - 发送处理数据完毕
2025-02-27 18:24:50.454 - collectorLogger - NeuroscanImplement.__read_data - INFO - 发送处理数据完毕
2025-02-27 18:24:50.455 - collectorLogger - NeuroscanImplement.__read_data - INFO - 发送处理数据完毕
2025-02-27 18:24:50.456 - collectorLogger - NeuroscanImplement.__read_data - INFO - 发送处理数据完毕
2025-02-27 18:24:50.458 - collectorLogger - NeuroscanImplement.__read_data - INFO - 发送处理数据完毕
2025-02-27 18:24:50.459 - collectorLogger - NeuroscanImplement.__read_data - INFO - 发送处理数据完毕
2025-02-27 18:24:50.460 - collectorLogger - NeuroscanImplement.__read_data - INFO - 发送处理数据完毕
2025-02-27 18:24:50.461 - collectorLogger - NeuroscanImplement.__read_data - INFO - 发送处理数据完毕
2025-02-27 18:24:50.463 - collectorLogger - NeuroscanImplement.__read_data - INFO - 发送处理数据完毕
2025-02-27 18:24:50.464 - collectorLogger - NeuroscanImplement.__read_data - INFO - 发送处理数据完毕
2025-02-27 18:24:50.465 - collectorLogger - NeuroscanImplement.__read_data - INFO - 发送处理数据完毕
2025-02-27 18:24:50.467 - collectorLogger - NeuroscanImplement.__read_data - INFO - 发送处理数据完毕
2025-02-27 18:24:50.468 - collectorLogger - NeuroscanImplement.__read_data - INFO - 发送处理数据完毕
2025-02-27 18:24:50.469 - collectorLogger - NeuroscanImplement.__read_data - INFO - 发送处理数据完毕
2025-02-27 18:24:50.471 - collectorLogger - NeuroscanImplement.__read_data - INFO - 发送处理数据完毕
2025-02-27 18:24:50.472 - collectorLogger - NeuroscanImplement.__read_data - INFO - 发送处理数据完毕
2025-02-27 18:24:50.473 - collectorLogger - NeuroscanImplement.__read_data - INFO - 发送处理数据完毕
2025-02-27 18:24:50.474 - collectorLogger - NeuroscanImplement.__read_data - INFO - 发送处理数据完毕
2025-02-27 18:24:50.476 - collectorLogger - NeuroscanImplement.__read_data - INFO - 发送处理数据完毕
2025-02-27 18:24:50.477 - collectorLogger - NeuroscanImplement.__read_data - INFO - 发送处理数据完毕
2025-02-27 18:24:50.478 - collectorLogger - NeuroscanImplement.__read_data - INFO - 发送处理数据完毕
2025-02-27 18:24:50.480 - collectorLogger - NeuroscanImplement.__read_data - INFO - 发送处理数据完毕
2025-02-27 18:24:50.481 - collectorLogger - NeuroscanImplement.__read_data - INFO - 发送处理数据完毕
2025-02-27 18:24:50.483 - collectorLogger - NeuroscanImplement.__read_data - INFO - 发送处理数据完毕
2025-02-27 18:24:50.484 - collectorLogger - NeuroscanImplement.__read_data - INFO - 发送处理数据完毕
2025-02-27 18:24:50.485 - collectorLogger - NeuroscanImplement.__read_data - INFO - 发送处理数据完毕
2025-02-27 18:24:50.487 - collectorLogger - NeuroscanImplement.__read_data - INFO - 发送处理数据完毕
2025-02-27 18:24:50.488 - collectorLogger - NeuroscanImplement.__read_data - INFO - 发送处理数据完毕
2025-02-27 18:24:50.490 - collectorLogger - NeuroscanImplement.__read_data - INFO - 发送处理数据完毕
2025-02-27 18:24:50.491 - collectorLogger - NeuroscanImplement.__read_data - INFO - 发送处理数据完毕
2025-02-27 18:24:50.493 - collectorLogger - NeuroscanImplement.__read_data - INFO - 发送处理数据完毕
2025-02-27 18:24:50.494 - collectorLogger - NeuroscanImplement.__read_data - INFO - 发送处理数据完毕
2025-02-27 18:24:50.496 - collectorLogger - NeuroscanImplement.__read_data - INFO - 发送处理数据完毕
2025-02-27 18:24:50.497 - collectorLogger - NeuroscanImplement.__read_data - INFO - 发送处理数据完毕
2025-02-27 18:24:50.498 - collectorLogger - NeuroscanImplement.__read_data - INFO - 发送处理数据完毕
2025-02-27 18:24:50.499 - collectorLogger - NeuroscanImplement.__read_data - INFO - 发送处理数据完毕
2025-02-27 18:24:50.501 - collectorLogger - NeuroscanImplement.__read_data - INFO - 发送处理数据完毕
2025-02-27 18:24:50.502 - collectorLogger - NeuroscanImplement.__read_data - INFO - 发送处理数据完毕
2025-02-27 18:24:50.503 - collectorLogger - NeuroscanImplement.__read_data - INFO - 发送处理数据完毕
2025-02-27 18:24:50.505 - collectorLogger - NeuroscanImplement.__read_data - INFO - 发送处理数据完毕
2025-02-27 18:24:50.506 - collectorLogger - NeuroscanImplement.__read_data - INFO - 发送处理数据完毕
2025-02-27 18:24:50.507 - collectorLogger - NeuroscanImplement.__read_data - INFO - 发送处理数据完毕
2025-02-27 18:24:50.509 - collectorLogger - NeuroscanImplement.__read_data - INFO - 发送处理数据完毕
2025-02-27 18:24:50.510 - collectorLogger - NeuroscanImplement.__read_data - INFO - 发送处理数据完毕
2025-02-27 18:24:50.511 - collectorLogger - NeuroscanImplement.__read_data - INFO - 发送处理数据完毕
2025-02-27 18:24:50.513 - collectorLogger - NeuroscanImplement.__read_data - INFO - 发送处理数据完毕
2025-02-27 18:24:50.514 - collectorLogger - NeuroscanImplement.__read_data - INFO - 发送处理数据完毕
2025-02-27 18:24:50.515 - collectorLogger - NeuroscanImplement.__read_data - INFO - 发送处理数据完毕
2025-02-27 18:24:50.517 - collectorLogger - NeuroscanImplement.__read_data - INFO - 发送处理数据完毕
2025-02-27 18:24:50.518 - collectorLogger - NeuroscanImplement.__read_data - INFO - 发送处理数据完毕
2025-02-27 18:24:50.519 - collectorLogger - NeuroscanImplement.__read_data - INFO - 发送处理数据完毕
2025-02-27 18:24:50.521 - collectorLogger - NeuroscanImplement.__read_data - INFO - 发送处理数据完毕
2025-02-27 18:24:50.522 - collectorLogger - NeuroscanImplement.__read_data - INFO - 发送处理数据完毕
2025-02-27 18:24:50.523 - collectorLogger - NeuroscanImplement.__read_data - INFO - 发送处理数据完毕
2025-02-27 18:24:50.524 - collectorLogger - NeuroscanImplement.__read_data - INFO - 发送处理数据完毕
2025-02-27 18:24:50.526 - collectorLogger - NeuroscanImplement.__read_data - INFO - 发送处理数据完毕
2025-02-27 18:24:50.527 - collectorLogger - NeuroscanImplement.__read_data - INFO - 发送处理数据完毕
2025-02-27 18:24:50.528 - collectorLogger - NeuroscanImplement.__read_data - INFO - 发送处理数据完毕
2025-02-27 18:24:50.530 - collectorLogger - NeuroscanImplement.__read_data - INFO - 发送处理数据完毕
2025-02-27 18:24:50.531 - collectorLogger - NeuroscanImplement.__read_data - INFO - 发送处理数据完毕
2025-02-27 18:24:50.532 - collectorLogger - NeuroscanImplement.__read_data - INFO - 发送处理数据完毕
2025-02-27 18:24:50.534 - collectorLogger - NeuroscanImplement.__read_data - INFO - 发送处理数据完毕
2025-02-27 18:24:50.535 - collectorLogger - NeuroscanImplement.__read_data - INFO - 发送处理数据完毕
2025-02-27 18:24:50.536 - collectorLogger - NeuroscanImplement.__read_data - INFO - 发送处理数据完毕
2025-02-27 18:24:50.537 - collectorLogger - NeuroscanImplement.__read_data - INFO - 发送处理数据完毕
2025-02-27 18:24:50.539 - collectorLogger - NeuroscanImplement.__read_data - INFO - 发送处理数据完毕
2025-02-27 18:24:50.540 - collectorLogger - NeuroscanImplement.__read_data - INFO - 发送处理数据完毕
2025-02-27 18:24:50.541 - collectorLogger - NeuroscanImplement.__read_data - INFO - 发送处理数据完毕
2025-02-27 18:24:50.543 - collectorLogger - NeuroscanImplement.__read_data - INFO - 发送处理数据完毕
2025-02-27 18:24:50.544 - collectorLogger - NeuroscanImplement.__read_data - INFO - 发送处理数据完毕
2025-02-27 18:24:50.546 - collectorLogger - NeuroscanImplement.__read_data - INFO - 发送处理数据完毕
2025-02-27 18:24:50.547 - collectorLogger - NeuroscanImplement.__read_data - INFO - 发送处理数据完毕
2025-02-27 18:24:50.548 - collectorLogger - NeuroscanImplement.__read_data - INFO - 发送处理数据完毕
2025-02-27 18:24:50.550 - collectorLogger - NeuroscanImplement.__read_data - INFO - 发送处理数据完毕
2025-02-27 18:24:50.551 - collectorLogger - NeuroscanImplement.__read_data - INFO - 发送处理数据完毕
2025-02-27 18:24:50.552 - collectorLogger - NeuroscanImplement.__read_data - INFO - 发送处理数据完毕
2025-02-27 18:24:50.554 - collectorLogger - NeuroscanImplement.__read_data - INFO - 发送处理数据完毕
2025-02-27 18:24:50.555 - collectorLogger - NeuroscanImplement.__read_data - INFO - 发送处理数据完毕
2025-02-27 18:24:50.556 - collectorLogger - NeuroscanImplement.__read_data - INFO - 发送处理数据完毕
2025-02-27 18:24:50.558 - collectorLogger - NeuroscanImplement.__read_data - INFO - 发送处理数据完毕
2025-02-27 18:24:50.559 - collectorLogger - NeuroscanImplement.__read_data - INFO - 发送处理数据完毕
2025-02-27 18:24:50.560 - collectorLogger - NeuroscanImplement.__read_data - INFO - 发送处理数据完毕
2025-02-27 18:24:50.562 - collectorLogger - NeuroscanImplement.__read_data - INFO - 发送处理数据完毕
2025-02-27 18:24:50.563 - collectorLogger - NeuroscanImplement.__read_data - INFO - 发送处理数据完毕
2025-02-27 18:24:50.564 - collectorLogger - NeuroscanImplement.__read_data - INFO - 发送处理数据完毕
2025-02-27 18:24:50.566 - collectorLogger - NeuroscanImplement.__read_data - INFO - 发送处理数据完毕
2025-02-27 18:24:50.567 - collectorLogger - NeuroscanImplement.__read_data - INFO - 发送处理数据完毕
2025-02-27 18:24:50.568 - collectorLogger - NeuroscanImplement.__read_data - INFO - 发送处理数据完毕
2025-02-27 18:24:50.570 - collectorLogger - NeuroscanImplement.__read_data - INFO - 发送处理数据完毕
2025-02-27 18:24:50.571 - collectorLogger - NeuroscanImplement.__read_data - INFO - 发送处理数据完毕
2025-02-27 18:24:50.572 - collectorLogger - NeuroscanImplement.__read_data - INFO - 发送处理数据完毕
2025-02-27 18:24:50.574 - collectorLogger - NeuroscanImplement.__read_data - INFO - 发送处理数据完毕
2025-02-27 18:24:50.575 - collectorLogger - NeuroscanImplement.__read_data - INFO - 发送处理数据完毕
2025-02-27 18:24:50.576 - collectorLogger - NeuroscanImplement.__read_data - INFO - 发送处理数据完毕
2025-02-27 18:24:50.578 - collectorLogger - NeuroscanImplement.__read_data - INFO - 发送处理数据完毕
2025-02-27 18:24:50.579 - collectorLogger - NeuroscanImplement.__read_data - INFO - 发送处理数据完毕
2025-02-27 18:24:50.580 - collectorLogger - NeuroscanImplement.__read_data - INFO - 发送处理数据完毕
2025-02-27 18:24:50.582 - collectorLogger - NeuroscanImplement.__read_data - INFO - 发送处理数据完毕
2025-02-27 18:24:50.957 - collectorLogger - NeuroscanImplement.__read_data - INFO - 发送处理数据完毕
2025-02-27 18:24:50.966 - collectorLogger - NeuroscanImplement.__read_data - INFO - 发送处理数据完毕
2025-02-27 18:24:50.969 - collectorLogger - NeuroscanImplement.__read_data - INFO - 发送处理数据完毕
2025-02-27 18:24:50.972 - collectorLogger - NeuroscanImplement.__read_data - INFO - 发送处理数据完毕
2025-02-27 18:24:50.974 - collectorLogger - NeuroscanImplement.__read_data - INFO - 发送处理数据完毕
2025-02-27 18:24:50.979 - collectorLogger - NeuroscanImplement.__read_data - INFO - 发送处理数据完毕
2025-02-27 18:24:50.982 - collectorLogger - NeuroscanImplement.__read_data - INFO - 发送处理数据完毕
2025-02-27 18:24:50.985 - collectorLogger - NeuroscanImplement.__read_data - INFO - 发送处理数据完毕
2025-02-27 18:24:50.988 - collectorLogger - NeuroscanImplement.__read_data - INFO - 发送处理数据完毕
2025-02-27 18:24:50.994 - collectorLogger - NeuroscanImplement.__read_data - INFO - 发送处理数据完毕
2025-02-27 18:24:51.000 - collectorLogger - NeuroscanImplement.__read_data - INFO - 发送处理数据完毕
2025-02-27 18:24:51.003 - collectorLogger - NeuroscanImplement.__read_data - INFO - 发送处理数据完毕
2025-02-27 18:24:51.007 - collectorLogger - NeuroscanImplement.__read_data - INFO - 发送处理数据完毕
2025-02-27 18:24:51.012 - collectorLogger - NeuroscanImplement.__read_data - INFO - 发送处理数据完毕
2025-02-27 18:24:51.014 - collectorLogger - NeuroscanImplement.__read_data - INFO - 发送处理数据完毕
2025-02-27 18:24:51.022 - collectorLogger - NeuroscanImplement.__read_data - INFO - 发送处理数据完毕
2025-02-27 18:24:51.024 - collectorLogger - NeuroscanImplement.__read_data - INFO - 发送处理数据完毕
2025-02-27 18:24:51.026 - collectorLogger - NeuroscanImplement.__read_data - INFO - 发送处理数据完毕
2025-02-27 18:24:51.030 - collectorLogger - NeuroscanImplement.__read_data - INFO - 发送处理数据完毕
2025-02-27 18:24:51.034 - collectorLogger - NeuroscanImplement.__read_data - INFO - 发送处理数据完毕
2025-02-27 18:24:51.037 - collectorLogger - NeuroscanImplement.__read_data - INFO - 发送处理数据完毕
2025-02-27 18:24:51.044 - collectorLogger - NeuroscanImplement.__read_data - INFO - 发送处理数据完毕
2025-02-27 18:24:51.047 - collectorLogger - NeuroscanImplement.__read_data - INFO - 发送处理数据完毕
2025-02-27 18:24:51.050 - collectorLogger - NeuroscanImplement.__read_data - INFO - 发送处理数据完毕
2025-02-27 18:24:51.053 - collectorLogger - NeuroscanImplement.__read_data - INFO - 发送处理数据完毕
2025-02-27 18:24:51.055 - collectorLogger - NeuroscanImplement.__read_data - INFO - 发送处理数据完毕
2025-02-27 18:24:51.057 - collectorLogger - NeuroscanImplement.__read_data - INFO - 发送处理数据完毕
2025-02-27 18:24:51.059 - collectorLogger - NeuroscanImplement.__read_data - INFO - 发送处理数据完毕
2025-02-27 18:24:51.062 - collectorLogger - NeuroscanImplement.__read_data - INFO - 发送处理数据完毕
2025-02-27 18:24:51.064 - collectorLogger - NeuroscanImplement.__read_data - INFO - 发送处理数据完毕
2025-02-27 18:24:51.066 - collectorLogger - NeuroscanImplement.__read_data - INFO - 发送处理数据完毕
2025-02-27 18:24:51.068 - collectorLogger - NeuroscanImplement.__read_data - INFO - 发送处理数据完毕
2025-02-27 18:24:51.071 - collectorLogger - NeuroscanImplement.__read_data - INFO - 发送处理数据完毕
2025-02-27 18:24:51.073 - collectorLogger - NeuroscanImplement.__read_data - INFO - 发送处理数据完毕
2025-02-27 18:24:51.075 - collectorLogger - NeuroscanImplement.__read_data - INFO - 发送处理数据完毕
2025-02-27 18:24:51.077 - collectorLogger - NeuroscanImplement.__read_data - INFO - 发送处理数据完毕
2025-02-27 18:24:51.080 - collectorLogger - NeuroscanImplement.__read_data - INFO - 发送处理数据完毕
2025-02-27 18:24:51.082 - collectorLogger - NeuroscanImplement.__read_data - INFO - 发送处理数据完毕
2025-02-27 18:24:51.085 - collectorLogger - NeuroscanImplement.__read_data - INFO - 发送处理数据完毕
2025-02-27 18:24:51.087 - collectorLogger - NeuroscanImplement.__read_data - INFO - 发送处理数据完毕
2025-02-27 18:24:51.089 - collectorLogger - NeuroscanImplement.__read_data - INFO - 发送处理数据完毕
2025-02-27 18:24:51.091 - collectorLogger - NeuroscanImplement.__read_data - INFO - 发送处理数据完毕
2025-02-27 18:24:51.094 - collectorLogger - NeuroscanImplement.__read_data - INFO - 发送处理数据完毕
2025-02-27 18:24:51.096 - collectorLogger - NeuroscanImplement.__read_data - INFO - 发送处理数据完毕
2025-02-27 18:24:51.098 - collectorLogger - NeuroscanImplement.__read_data - INFO - 发送处理数据完毕
2025-02-27 18:24:51.102 - collectorLogger - NeuroscanImplement.__read_data - INFO - 发送处理数据完毕
2025-02-27 18:24:51.105 - collectorLogger - NeuroscanImplement.__read_data - INFO - 发送处理数据完毕
2025-02-27 18:24:51.107 - collectorLogger - NeuroscanImplement.__read_data - INFO - 发送处理数据完毕
2025-02-27 18:24:51.109 - collectorLogger - NeuroscanImplement.__read_data - INFO - 发送处理数据完毕
2025-02-27 18:24:51.111 - collectorLogger - NeuroscanImplement.__read_data - INFO - 发送处理数据完毕
2025-02-27 18:24:51.113 - collectorLogger - NeuroscanImplement.__read_data - INFO - 发送处理数据完毕
2025-02-27 18:24:51.115 - collectorLogger - NeuroscanImplement.__read_data - INFO - 发送处理数据完毕
2025-02-27 18:24:51.118 - collectorLogger - NeuroscanImplement.__read_data - INFO - 发送处理数据完毕
2025-02-27 18:24:51.120 - collectorLogger - NeuroscanImplement.__read_data - INFO - 发送处理数据完毕
2025-02-27 18:24:51.122 - collectorLogger - NeuroscanImplement.__read_data - INFO - 发送处理数据完毕
2025-02-27 18:24:51.124 - collectorLogger - NeuroscanImplement.__read_data - INFO - 发送处理数据完毕
2025-02-27 18:24:51.126 - collectorLogger - NeuroscanImplement.__read_data - INFO - 发送处理数据完毕
2025-02-27 18:24:51.127 - collectorLogger - NeuroscanImplement.__read_data - INFO - 发送处理数据完毕
2025-02-27 18:24:51.129 - collectorLogger - NeuroscanImplement.__read_data - INFO - 发送处理数据完毕
2025-02-27 18:24:51.131 - collectorLogger - NeuroscanImplement.__read_data - INFO - 发送处理数据完毕
2025-02-27 18:24:51.133 - collectorLogger - NeuroscanImplement.__read_data - INFO - 发送处理数据完毕
2025-02-27 18:24:51.135 - collectorLogger - NeuroscanImplement.__read_data - INFO - 发送处理数据完毕
2025-02-27 18:24:51.137 - collectorLogger - NeuroscanImplement.__read_data - INFO - 发送处理数据完毕
2025-02-27 18:24:51.139 - collectorLogger - NeuroscanImplement.__read_data - INFO - 发送处理数据完毕
2025-02-27 18:24:51.141 - collectorLogger - NeuroscanImplement.__read_data - INFO - 发送处理数据完毕
2025-02-27 18:24:51.143 - collectorLogger - NeuroscanImplement.__read_data - INFO - 发送处理数据完毕
2025-02-27 18:24:51.144 - collectorLogger - NeuroscanImplement.__read_data - INFO - 发送处理数据完毕
2025-02-27 18:24:51.146 - collectorLogger - NeuroscanImplement.__read_data - INFO - 发送处理数据完毕
2025-02-27 18:24:51.148 - collectorLogger - NeuroscanImplement.__read_data - INFO - 发送处理数据完毕
2025-02-27 18:24:51.150 - collectorLogger - NeuroscanImplement.__read_data - INFO - 发送处理数据完毕
2025-02-27 18:24:51.152 - collectorLogger - NeuroscanImplement.__read_data - INFO - 发送处理数据完毕
2025-02-27 18:24:51.154 - collectorLogger - NeuroscanImplement.__read_data - INFO - 发送处理数据完毕
2025-02-27 18:24:51.156 - collectorLogger - NeuroscanImplement.__read_data - INFO - 发送处理数据完毕
2025-02-27 18:24:51.157 - collectorLogger - NeuroscanImplement.__read_data - INFO - 发送处理数据完毕
2025-02-27 18:24:51.159 - collectorLogger - NeuroscanImplement.__read_data - INFO - 发送处理数据完毕
2025-02-27 18:24:51.160 - collectorLogger - NeuroscanImplement.__read_data - INFO - 发送处理数据完毕
2025-02-27 18:24:51.162 - collectorLogger - NeuroscanImplement.__read_data - INFO - 发送处理数据完毕
2025-02-27 18:24:51.163 - collectorLogger - NeuroscanImplement.__read_data - INFO - 发送处理数据完毕
2025-02-27 18:24:51.164 - collectorLogger - NeuroscanImplement.__read_data - INFO - 发送处理数据完毕
2025-02-27 18:24:51.166 - collectorLogger - NeuroscanImplement.__read_data - INFO - 发送处理数据完毕
2025-02-27 18:24:51.167 - collectorLogger - NeuroscanImplement.__read_data - INFO - 发送处理数据完毕
2025-02-27 18:24:51.169 - collectorLogger - NeuroscanImplement.__read_data - INFO - 发送处理数据完毕
2025-02-27 18:24:51.170 - collectorLogger - NeuroscanImplement.__read_data - INFO - 发送处理数据完毕
2025-02-27 18:24:51.171 - collectorLogger - NeuroscanImplement.__read_data - INFO - 发送处理数据完毕
2025-02-27 18:24:51.173 - collectorLogger - NeuroscanImplement.__read_data - INFO - 发送处理数据完毕
2025-02-27 18:24:51.174 - collectorLogger - NeuroscanImplement.__read_data - INFO - 发送处理数据完毕
2025-02-27 18:24:51.175 - collectorLogger - NeuroscanImplement.__read_data - INFO - 发送处理数据完毕
2025-02-27 18:24:51.177 - collectorLogger - NeuroscanImplement.__read_data - INFO - 发送处理数据完毕
2025-02-27 18:24:51.178 - collectorLogger - NeuroscanImplement.__read_data - INFO - 发送处理数据完毕
2025-02-27 18:24:51.180 - collectorLogger - NeuroscanImplement.__read_data - INFO - 发送处理数据完毕
2025-02-27 18:24:51.182 - collectorLogger - NeuroscanImplement.__read_data - INFO - 发送处理数据完毕
2025-02-27 18:24:51.183 - collectorLogger - NeuroscanImplement.__read_data - INFO - 发送处理数据完毕
2025-02-27 18:24:51.185 - collectorLogger - NeuroscanImplement.__read_data - INFO - 发送处理数据完毕
2025-02-27 18:24:51.187 - collectorLogger - NeuroscanImplement.__read_data - INFO - 发送处理数据完毕
2025-02-27 18:24:51.188 - collectorLogger - NeuroscanImplement.__read_data - INFO - 发送处理数据完毕
2025-02-27 18:24:51.190 - collectorLogger - NeuroscanImplement.__read_data - INFO - 发送处理数据完毕
2025-02-27 18:24:51.191 - collectorLogger - NeuroscanImplement.__read_data - INFO - 发送处理数据完毕
2025-02-27 18:24:51.193 - collectorLogger - NeuroscanImplement.__read_data - INFO - 发送处理数据完毕
2025-02-27 18:24:51.194 - collectorLogger - NeuroscanImplement.__read_data - INFO - 发送处理数据完毕
2025-02-27 18:24:51.196 - collectorLogger - NeuroscanImplement.__read_data - INFO - 发送处理数据完毕
2025-02-27 18:24:51.197 - collectorLogger - NeuroscanImplement.__read_data - INFO - 发送处理数据完毕
2025-02-27 18:24:51.199 - collectorLogger - NeuroscanImplement.__read_data - INFO - 发送处理数据完毕
2025-02-27 18:24:51.202 - collectorLogger - NeuroscanImplement.__read_data - INFO - 发送处理数据完毕
2025-02-27 18:24:51.204 - collectorLogger - NeuroscanImplement.__read_data - INFO - 发送处理数据完毕
2025-02-27 18:24:51.206 - collectorLogger - NeuroscanImplement.__read_data - INFO - 发送处理数据完毕
2025-02-27 18:24:51.207 - collectorLogger - NeuroscanImplement.__read_data - INFO - 发送处理数据完毕
2025-02-27 18:24:51.208 - collectorLogger - NeuroscanImplement.__read_data - INFO - 发送处理数据完毕
2025-02-27 18:24:51.210 - collectorLogger - NeuroscanImplement.__read_data - INFO - 发送处理数据完毕
2025-02-27 18:24:51.211 - collectorLogger - NeuroscanImplement.__read_data - INFO - 发送处理数据完毕
2025-02-27 18:24:51.213 - collectorLogger - NeuroscanImplement.__read_data - INFO - 发送处理数据完毕
2025-02-27 18:24:51.214 - collectorLogger - NeuroscanImplement.__read_data - INFO - 发送处理数据完毕
2025-02-27 18:24:51.217 - collectorLogger - NeuroscanImplement.__read_data - INFO - 发送处理数据完毕
2025-02-27 18:24:51.219 - collectorLogger - NeuroscanImplement.__read_data - INFO - 发送处理数据完毕
2025-02-27 18:24:51.220 - collectorLogger - NeuroscanImplement.__read_data - INFO - 发送处理数据完毕
2025-02-27 18:24:51.222 - collectorLogger - NeuroscanImplement.__read_data - INFO - 发送处理数据完毕
2025-02-27 18:24:51.224 - collectorLogger - NeuroscanImplement.__read_data - INFO - 发送处理数据完毕
2025-02-27 18:24:51.225 - collectorLogger - NeuroscanImplement.__read_data - INFO - 发送处理数据完毕
2025-02-27 18:24:51.227 - collectorLogger - NeuroscanImplement.__read_data - INFO - 发送处理数据完毕
2025-02-27 18:24:51.228 - collectorLogger - NeuroscanImplement.__read_data - INFO - 发送处理数据完毕
2025-02-27 18:24:51.230 - collectorLogger - NeuroscanImplement.__read_data - INFO - 发送处理数据完毕
2025-02-27 18:24:51.231 - collectorLogger - NeuroscanImplement.__read_data - INFO - 发送处理数据完毕
2025-02-27 18:24:51.233 - collectorLogger - NeuroscanImplement.__read_data - INFO - 发送处理数据完毕
2025-02-27 18:24:51.235 - collectorLogger - NeuroscanImplement.__read_data - INFO - 发送处理数据完毕
2025-02-27 18:24:51.237 - collectorLogger - NeuroscanImplement.__read_data - INFO - 发送处理数据完毕
2025-02-27 18:24:51.239 - collectorLogger - NeuroscanImplement.__read_data - INFO - 发送处理数据完毕
2025-02-27 18:24:51.240 - collectorLogger - NeuroscanImplement.__read_data - INFO - 发送处理数据完毕
2025-02-27 18:24:51.448 - collectorLogger - NeuroscanImplement.__read_data - INFO - 发送处理数据完毕
2025-02-27 18:24:51.450 - collectorLogger - NeuroscanImplement.__read_data - INFO - 发送处理数据完毕
2025-02-27 18:24:51.452 - collectorLogger - NeuroscanImplement.__read_data - INFO - 发送处理数据完毕
2025-02-27 18:24:51.454 - collectorLogger - NeuroscanImplement.__read_data - INFO - 发送处理数据完毕
2025-02-27 18:24:51.456 - collectorLogger - NeuroscanImplement.__read_data - INFO - 发送处理数据完毕
2025-02-27 18:24:51.457 - collectorLogger - NeuroscanImplement.__read_data - INFO - 发送处理数据完毕
2025-02-27 18:24:51.459 - collectorLogger - NeuroscanImplement.__read_data - INFO - 发送处理数据完毕
2025-02-27 18:24:51.461 - collectorLogger - NeuroscanImplement.__read_data - INFO - 发送处理数据完毕
2025-02-27 18:24:51.463 - collectorLogger - NeuroscanImplement.__read_data - INFO - 发送处理数据完毕
2025-02-27 18:24:51.465 - collectorLogger - NeuroscanImplement.__read_data - INFO - 发送处理数据完毕
2025-02-27 18:24:51.466 - collectorLogger - NeuroscanImplement.__read_data - INFO - 发送处理数据完毕
2025-02-27 18:24:51.469 - collectorLogger - NeuroscanImplement.__read_data - INFO - 发送处理数据完毕
2025-02-27 18:24:51.471 - collectorLogger - NeuroscanImplement.__read_data - INFO - 发送处理数据完毕
2025-02-27 18:24:51.473 - collectorLogger - NeuroscanImplement.__read_data - INFO - 发送处理数据完毕
2025-02-27 18:24:51.475 - collectorLogger - NeuroscanImplement.__read_data - INFO - 发送处理数据完毕
2025-02-27 18:24:51.477 - collectorLogger - NeuroscanImplement.__read_data - INFO - 发送处理数据完毕
2025-02-27 18:24:51.478 - collectorLogger - NeuroscanImplement.__read_data - INFO - 发送处理数据完毕
2025-02-27 18:24:51.479 - collectorLogger - NeuroscanImplement.__read_data - INFO - 发送处理数据完毕
2025-02-27 18:24:51.481 - collectorLogger - NeuroscanImplement.__read_data - INFO - 发送处理数据完毕
2025-02-27 18:24:51.483 - collectorLogger - NeuroscanImplement.__read_data - INFO - 发送处理数据完毕
2025-02-27 18:24:51.485 - collectorLogger - NeuroscanImplement.__read_data - INFO - 发送处理数据完毕
2025-02-27 18:24:51.486 - collectorLogger - NeuroscanImplement.__read_data - INFO - 发送处理数据完毕
2025-02-27 18:24:51.488 - collectorLogger - NeuroscanImplement.__read_data - INFO - 发送处理数据完毕
2025-02-27 18:24:51.489 - collectorLogger - NeuroscanImplement.__read_data - INFO - 发送处理数据完毕
2025-02-27 18:24:51.491 - collectorLogger - NeuroscanImplement.__read_data - INFO - 发送处理数据完毕
2025-02-27 18:24:51.493 - collectorLogger - NeuroscanImplement.__read_data - INFO - 发送处理数据完毕
2025-02-27 18:24:51.494 - collectorLogger - NeuroscanImplement.__read_data - INFO - 发送处理数据完毕
2025-02-27 18:24:51.495 - collectorLogger - NeuroscanImplement.__read_data - INFO - 发送处理数据完毕
2025-02-27 18:24:51.497 - collectorLogger - NeuroscanImplement.__read_data - INFO - 发送处理数据完毕
2025-02-27 18:24:51.499 - collectorLogger - NeuroscanImplement.__read_data - INFO - 发送处理数据完毕
2025-02-27 18:24:51.501 - collectorLogger - NeuroscanImplement.__read_data - INFO - 发送处理数据完毕
2025-02-27 18:24:51.502 - collectorLogger - NeuroscanImplement.__read_data - INFO - 发送处理数据完毕
2025-02-27 18:24:51.504 - collectorLogger - NeuroscanImplement.__read_data - INFO - 发送处理数据完毕
2025-02-27 18:24:51.505 - collectorLogger - NeuroscanImplement.__read_data - INFO - 发送处理数据完毕
2025-02-27 18:24:51.507 - collectorLogger - NeuroscanImplement.__read_data - INFO - 发送处理数据完毕
2025-02-27 18:24:51.508 - collectorLogger - NeuroscanImplement.__read_data - INFO - 发送处理数据完毕
2025-02-27 18:24:51.510 - collectorLogger - NeuroscanImplement.__read_data - INFO - 发送处理数据完毕
2025-02-27 18:24:51.511 - collectorLogger - NeuroscanImplement.__read_data - INFO - 发送处理数据完毕
2025-02-27 18:24:51.513 - collectorLogger - NeuroscanImplement.__read_data - INFO - 发送处理数据完毕
2025-02-27 18:24:51.515 - collectorLogger - NeuroscanImplement.__read_data - INFO - 发送处理数据完毕
2025-02-27 18:24:51.516 - collectorLogger - NeuroscanImplement.__read_data - INFO - 发送处理数据完毕
2025-02-27 18:24:51.519 - collectorLogger - NeuroscanImplement.__read_data - INFO - 发送处理数据完毕
2025-02-27 18:24:51.520 - collectorLogger - NeuroscanImplement.__read_data - INFO - 发送处理数据完毕
2025-02-27 18:24:51.522 - collectorLogger - NeuroscanImplement.__read_data - INFO - 发送处理数据完毕
2025-02-27 18:24:51.523 - collectorLogger - NeuroscanImplement.__read_data - INFO - 发送处理数据完毕
2025-02-27 18:24:51.525 - collectorLogger - NeuroscanImplement.__read_data - INFO - 发送处理数据完毕
2025-02-27 18:24:51.526 - collectorLogger - NeuroscanImplement.__read_data - INFO - 发送处理数据完毕
2025-02-27 18:24:51.528 - collectorLogger - NeuroscanImplement.__read_data - INFO - 发送处理数据完毕
2025-02-27 18:24:51.529 - collectorLogger - NeuroscanImplement.__read_data - INFO - 发送处理数据完毕
2025-02-27 18:24:51.531 - collectorLogger - NeuroscanImplement.__read_data - INFO - 发送处理数据完毕
2025-02-27 18:24:51.532 - collectorLogger - NeuroscanImplement.__read_data - INFO - 发送处理数据完毕
2025-02-27 18:24:51.534 - collectorLogger - NeuroscanImplement.__read_data - INFO - 发送处理数据完毕
2025-02-27 18:24:51.536 - collectorLogger - NeuroscanImplement.__read_data - INFO - 发送处理数据完毕
2025-02-27 18:24:51.538 - collectorLogger - NeuroscanImplement.__read_data - INFO - 发送处理数据完毕
2025-02-27 18:24:51.539 - collectorLogger - NeuroscanImplement.__read_data - INFO - 发送处理数据完毕
2025-02-27 18:24:51.541 - collectorLogger - NeuroscanImplement.__read_data - INFO - 发送处理数据完毕
2025-02-27 18:24:51.542 - collectorLogger - NeuroscanImplement.__read_data - INFO - 发送处理数据完毕
2025-02-27 18:24:51.544 - collectorLogger - NeuroscanImplement.__read_data - INFO - 发送处理数据完毕
2025-02-27 18:24:51.545 - collectorLogger - NeuroscanImplement.__read_data - INFO - 发送处理数据完毕
2025-02-27 18:24:51.547 - collectorLogger - NeuroscanImplement.__read_data - INFO - 发送处理数据完毕
2025-02-27 18:24:51.549 - collectorLogger - NeuroscanImplement.__read_data - INFO - 发送处理数据完毕
2025-02-27 18:24:51.550 - collectorLogger - NeuroscanImplement.__read_data - INFO - 发送处理数据完毕
2025-02-27 18:24:51.552 - collectorLogger - NeuroscanImplement.__read_data - INFO - 发送处理数据完毕
2025-02-27 18:24:51.554 - collectorLogger - NeuroscanImplement.__read_data - INFO - 发送处理数据完毕
2025-02-27 18:24:51.555 - collectorLogger - NeuroscanImplement.__read_data - INFO - 发送处理数据完毕
2025-02-27 18:24:51.557 - collectorLogger - NeuroscanImplement.__read_data - INFO - 发送处理数据完毕
2025-02-27 18:24:51.558 - collectorLogger - NeuroscanImplement.__read_data - INFO - 发送处理数据完毕
2025-02-27 18:24:51.559 - collectorLogger - NeuroscanImplement.__read_data - INFO - 发送处理数据完毕
2025-02-27 18:24:51.561 - collectorLogger - NeuroscanImplement.__read_data - INFO - 发送处理数据完毕
2025-02-27 18:24:51.563 - collectorLogger - NeuroscanImplement.__read_data - INFO - 发送处理数据完毕
2025-02-27 18:24:51.564 - collectorLogger - NeuroscanImplement.__read_data - INFO - 发送处理数据完毕
2025-02-27 18:24:51.565 - collectorLogger - NeuroscanImplement.__read_data - INFO - 发送处理数据完毕
2025-02-27 18:24:51.567 - collectorLogger - NeuroscanImplement.__read_data - INFO - 发送处理数据完毕
2025-02-27 18:24:51.569 - collectorLogger - NeuroscanImplement.__read_data - INFO - 发送处理数据完毕
2025-02-27 18:24:51.570 - collectorLogger - NeuroscanImplement.__read_data - INFO - 发送处理数据完毕
2025-02-27 18:24:51.572 - collectorLogger - NeuroscanImplement.__read_data - INFO - 发送处理数据完毕
2025-02-27 18:24:51.573 - collectorLogger - NeuroscanImplement.__read_data - INFO - 发送处理数据完毕
2025-02-27 18:24:51.574 - collectorLogger - NeuroscanImplement.__read_data - INFO - 发送处理数据完毕
2025-02-27 18:24:51.576 - collectorLogger - NeuroscanImplement.__read_data - INFO - 发送处理数据完毕
2025-02-27 18:24:51.577 - collectorLogger - NeuroscanImplement.__read_data - INFO - 发送处理数据完毕
2025-02-27 18:24:51.578 - collectorLogger - NeuroscanImplement.__read_data - INFO - 发送处理数据完毕
2025-02-27 18:24:51.580 - collectorLogger - NeuroscanImplement.__read_data - INFO - 发送处理数据完毕
2025-02-27 18:24:51.581 - collectorLogger - NeuroscanImplement.__read_data - INFO - 发送处理数据完毕
2025-02-27 18:24:51.582 - collectorLogger - NeuroscanImplement.__read_data - INFO - 发送处理数据完毕
2025-02-27 18:24:51.584 - collectorLogger - NeuroscanImplement.__read_data - INFO - 发送处理数据完毕
2025-02-27 18:24:51.585 - collectorLogger - NeuroscanImplement.__read_data - INFO - 发送处理数据完毕
2025-02-27 18:24:51.587 - collectorLogger - NeuroscanImplement.__read_data - INFO - 发送处理数据完毕
2025-02-27 18:24:51.588 - collectorLogger - NeuroscanImplement.__read_data - INFO - 发送处理数据完毕
2025-02-27 18:24:51.589 - collectorLogger - NeuroscanImplement.__read_data - INFO - 发送处理数据完毕
2025-02-27 18:24:51.591 - collectorLogger - NeuroscanImplement.__read_data - INFO - 发送处理数据完毕
2025-02-27 18:24:51.592 - collectorLogger - NeuroscanImplement.__read_data - INFO - 发送处理数据完毕
2025-02-27 18:24:51.593 - collectorLogger - NeuroscanImplement.__read_data - INFO - 发送处理数据完毕
2025-02-27 18:24:51.594 - collectorLogger - NeuroscanImplement.__read_data - INFO - 发送处理数据完毕
2025-02-27 18:24:51.596 - collectorLogger - NeuroscanImplement.__read_data - INFO - 发送处理数据完毕
2025-02-27 18:24:51.597 - collectorLogger - NeuroscanImplement.__read_data - INFO - 发送处理数据完毕
2025-02-27 18:24:51.598 - collectorLogger - NeuroscanImplement.__read_data - INFO - 发送处理数据完毕
2025-02-27 18:24:51.600 - collectorLogger - NeuroscanImplement.__read_data - INFO - 发送处理数据完毕
2025-02-27 18:24:51.601 - collectorLogger - NeuroscanImplement.__read_data - INFO - 发送处理数据完毕
2025-02-27 18:24:51.603 - collectorLogger - NeuroscanImplement.__read_data - INFO - 发送处理数据完毕
2025-02-27 18:24:51.604 - collectorLogger - NeuroscanImplement.__read_data - INFO - 发送处理数据完毕
2025-02-27 18:24:51.605 - collectorLogger - NeuroscanImplement.__read_data - INFO - 发送处理数据完毕
2025-02-27 18:24:51.607 - collectorLogger - NeuroscanImplement.__read_data - INFO - 发送处理数据完毕
2025-02-27 18:24:51.608 - collectorLogger - NeuroscanImplement.__read_data - INFO - 发送处理数据完毕
2025-02-27 18:24:51.609 - collectorLogger - NeuroscanImplement.__read_data - INFO - 发送处理数据完毕
2025-02-27 18:24:51.610 - collectorLogger - NeuroscanImplement.__read_data - INFO - 发送处理数据完毕
2025-02-27 18:24:51.612 - collectorLogger - NeuroscanImplement.__read_data - INFO - 发送处理数据完毕
2025-02-27 18:24:51.613 - collectorLogger - NeuroscanImplement.__read_data - INFO - 发送处理数据完毕
2025-02-27 18:24:51.615 - collectorLogger - NeuroscanImplement.__read_data - INFO - 发送处理数据完毕
2025-02-27 18:24:51.616 - collectorLogger - NeuroscanImplement.__read_data - INFO - 发送处理数据完毕
2025-02-27 18:24:51.617 - collectorLogger - NeuroscanImplement.__read_data - INFO - 发送处理数据完毕
2025-02-27 18:24:51.619 - collectorLogger - NeuroscanImplement.__read_data - INFO - 发送处理数据完毕
2025-02-27 18:24:51.620 - collectorLogger - NeuroscanImplement.__read_data - INFO - 发送处理数据完毕
2025-02-27 18:24:51.621 - collectorLogger - NeuroscanImplement.__read_data - INFO - 发送处理数据完毕
2025-02-27 18:24:51.622 - collectorLogger - NeuroscanImplement.__read_data - INFO - 发送处理数据完毕
2025-02-27 18:24:51.624 - collectorLogger - NeuroscanImplement.__read_data - INFO - 发送处理数据完毕
2025-02-27 18:24:51.625 - collectorLogger - NeuroscanImplement.__read_data - INFO - 发送处理数据完毕
2025-02-27 18:24:51.626 - collectorLogger - NeuroscanImplement.__read_data - INFO - 发送处理数据完毕
2025-02-27 18:24:51.627 - collectorLogger - NeuroscanImplement.__read_data - INFO - 发送处理数据完毕
2025-02-27 18:24:51.629 - collectorLogger - NeuroscanImplement.__read_data - INFO - 发送处理数据完毕
2025-02-27 18:24:51.630 - collectorLogger - NeuroscanImplement.__read_data - INFO - 发送处理数据完毕
2025-02-27 18:24:51.631 - collectorLogger - NeuroscanImplement.__read_data - INFO - 发送处理数据完毕
2025-02-27 18:24:51.633 - collectorLogger - NeuroscanImplement.__read_data - INFO - 发送处理数据完毕
2025-02-27 18:24:51.634 - collectorLogger - NeuroscanImplement.__read_data - INFO - 发送处理数据完毕
2025-02-27 18:24:51.635 - collectorLogger - NeuroscanImplement.__read_data - INFO - 发送处理数据完毕
2025-02-27 18:24:51.637 - collectorLogger - NeuroscanImplement.__read_data - INFO - 发送处理数据完毕
2025-02-27 18:24:51.638 - collectorLogger - NeuroscanImplement.__read_data - INFO - 发送处理数据完毕
2025-02-27 18:24:52.006 - collectorLogger - NeuroscanImplement.__read_data - INFO - 发送处理数据完毕
2025-02-27 18:24:52.008 - collectorLogger - NeuroscanImplement.__read_data - INFO - 发送处理数据完毕
2025-02-27 18:24:52.011 - collectorLogger - NeuroscanImplement.__read_data - INFO - 发送处理数据完毕
2025-02-27 18:24:52.013 - collectorLogger - NeuroscanImplement.__read_data - INFO - 发送处理数据完毕
2025-02-27 18:24:52.015 - collectorLogger - NeuroscanImplement.__read_data - INFO - 发送处理数据完毕
2025-02-27 18:24:52.019 - collectorLogger - NeuroscanImplement.__read_data - INFO - 发送处理数据完毕
2025-02-27 18:24:52.022 - collectorLogger - NeuroscanImplement.__read_data - INFO - 发送处理数据完毕
2025-02-27 18:24:52.024 - collectorLogger - NeuroscanImplement.__read_data - INFO - 发送处理数据完毕
2025-02-27 18:24:52.026 - collectorLogger - NeuroscanImplement.__read_data - INFO - 发送处理数据完毕
2025-02-27 18:24:52.029 - collectorLogger - NeuroscanImplement.__read_data - INFO - 发送处理数据完毕
2025-02-27 18:24:52.031 - collectorLogger - NeuroscanImplement.__read_data - INFO - 发送处理数据完毕
2025-02-27 18:24:52.033 - collectorLogger - NeuroscanImplement.__read_data - INFO - 发送处理数据完毕
2025-02-27 18:24:52.036 - collectorLogger - NeuroscanImplement.__read_data - INFO - 发送处理数据完毕
2025-02-27 18:24:52.038 - collectorLogger - NeuroscanImplement.__read_data - INFO - 发送处理数据完毕
2025-02-27 18:24:52.040 - collectorLogger - NeuroscanImplement.__read_data - INFO - 发送处理数据完毕
2025-02-27 18:24:52.042 - collectorLogger - NeuroscanImplement.__read_data - INFO - 发送处理数据完毕
2025-02-27 18:24:52.046 - collectorLogger - NeuroscanImplement.__read_data - INFO - 发送处理数据完毕
2025-02-27 18:24:52.049 - collectorLogger - NeuroscanImplement.__read_data - INFO - 发送处理数据完毕
2025-02-27 18:24:52.053 - collectorLogger - NeuroscanImplement.__read_data - INFO - 发送处理数据完毕
2025-02-27 18:24:52.055 - collectorLogger - NeuroscanImplement.__read_data - INFO - 发送处理数据完毕
2025-02-27 18:24:52.057 - collectorLogger - NeuroscanImplement.__read_data - INFO - 发送处理数据完毕
2025-02-27 18:24:52.060 - collectorLogger - NeuroscanImplement.__read_data - INFO - 发送处理数据完毕
2025-02-27 18:24:52.063 - collectorLogger - NeuroscanImplement.__read_data - INFO - 发送处理数据完毕
2025-02-27 18:24:52.070 - collectorLogger - NeuroscanImplement.__read_data - INFO - 发送处理数据完毕
2025-02-27 18:24:52.077 - collectorLogger - NeuroscanImplement.__read_data - INFO - 发送处理数据完毕
2025-02-27 18:24:52.079 - collectorLogger - NeuroscanImplement.__read_data - INFO - 发送处理数据完毕
2025-02-27 18:24:52.084 - collectorLogger - NeuroscanImplement.__read_data - INFO - 发送处理数据完毕
2025-02-27 18:24:52.087 - collectorLogger - NeuroscanImplement.__read_data - INFO - 发送处理数据完毕
2025-02-27 18:24:52.092 - collectorLogger - NeuroscanImplement.__read_data - INFO - 发送处理数据完毕
2025-02-27 18:24:52.095 - collectorLogger - NeuroscanImplement.__read_data - INFO - 发送处理数据完毕
2025-02-27 18:24:52.098 - collectorLogger - NeuroscanImplement.__read_data - INFO - 发送处理数据完毕
2025-02-27 18:24:52.100 - collectorLogger - NeuroscanImplement.__read_data - INFO - 发送处理数据完毕
2025-02-27 18:24:52.104 - collectorLogger - NeuroscanImplement.__read_data - INFO - 发送处理数据完毕
2025-02-27 18:24:52.107 - collectorLogger - NeuroscanImplement.__read_data - INFO - 发送处理数据完毕
2025-02-27 18:24:52.111 - collectorLogger - NeuroscanImplement.__read_data - INFO - 发送处理数据完毕
2025-02-27 18:24:52.114 - collectorLogger - NeuroscanImplement.__read_data - INFO - 发送处理数据完毕
2025-02-27 18:24:52.119 - collectorLogger - NeuroscanImplement.__read_data - INFO - 发送处理数据完毕
2025-02-27 18:24:52.121 - collectorLogger - NeuroscanImplement.__read_data - INFO - 发送处理数据完毕
2025-02-27 18:24:52.123 - collectorLogger - NeuroscanImplement.__read_data - INFO - 发送处理数据完毕
2025-02-27 18:24:52.125 - collectorLogger - NeuroscanImplement.__read_data - INFO - 发送处理数据完毕
2025-02-27 18:24:52.127 - collectorLogger - NeuroscanImplement.__read_data - INFO - 发送处理数据完毕
2025-02-27 18:24:52.131 - collectorLogger - NeuroscanImplement.__read_data - INFO - 发送处理数据完毕
2025-02-27 18:24:52.137 - collectorLogger - NeuroscanImplement.__read_data - INFO - 发送处理数据完毕
2025-02-27 18:24:52.139 - collectorLogger - NeuroscanImplement.__read_data - INFO - 发送处理数据完毕
2025-02-27 18:24:52.143 - collectorLogger - NeuroscanImplement.__read_data - INFO - 发送处理数据完毕
2025-02-27 18:24:52.146 - collectorLogger - NeuroscanImplement.__read_data - INFO - 发送处理数据完毕
2025-02-27 18:24:52.148 - collectorLogger - NeuroscanImplement.__read_data - INFO - 发送处理数据完毕
2025-02-27 18:24:52.153 - collectorLogger - NeuroscanImplement.__read_data - INFO - 发送处理数据完毕
2025-02-27 18:24:52.155 - collectorLogger - NeuroscanImplement.__read_data - INFO - 发送处理数据完毕
2025-02-27 18:24:52.162 - collectorLogger - NeuroscanImplement.__read_data - INFO - 发送处理数据完毕
2025-02-27 18:24:52.166 - collectorLogger - NeuroscanImplement.__read_data - INFO - 发送处理数据完毕
2025-02-27 18:24:52.172 - collectorLogger - NeuroscanImplement.__read_data - INFO - 发送处理数据完毕
2025-02-27 18:24:52.175 - collectorLogger - NeuroscanImplement.__read_data - INFO - 发送处理数据完毕
2025-02-27 18:24:52.177 - collectorLogger - NeuroscanImplement.__read_data - INFO - 发送处理数据完毕
2025-02-27 18:24:52.179 - collectorLogger - NeuroscanImplement.__read_data - INFO - 发送处理数据完毕
2025-02-27 18:24:52.190 - collectorLogger - NeuroscanImplement.__read_data - INFO - 发送处理数据完毕
2025-02-27 18:24:52.196 - collectorLogger - NeuroscanImplement.__read_data - INFO - 发送处理数据完毕
2025-02-27 18:24:52.199 - collectorLogger - NeuroscanImplement.__read_data - INFO - 发送处理数据完毕
2025-02-27 18:24:52.201 - collectorLogger - NeuroscanImplement.__read_data - INFO - 发送处理数据完毕
2025-02-27 18:24:52.204 - collectorLogger - NeuroscanImplement.__read_data - INFO - 发送处理数据完毕
2025-02-27 18:24:52.206 - collectorLogger - NeuroscanImplement.__read_data - INFO - 发送处理数据完毕
2025-02-27 18:24:52.210 - collectorLogger - NeuroscanImplement.__read_data - INFO - 发送处理数据完毕
2025-02-27 18:24:52.212 - collectorLogger - NeuroscanImplement.__read_data - INFO - 发送处理数据完毕
2025-02-27 18:24:52.215 - collectorLogger - NeuroscanImplement.__read_data - INFO - 发送处理数据完毕
2025-02-27 18:24:52.220 - collectorLogger - NeuroscanImplement.__read_data - INFO - 发送处理数据完毕
2025-02-27 18:24:52.223 - collectorLogger - NeuroscanImplement.__read_data - INFO - 发送处理数据完毕
2025-02-27 18:24:52.225 - collectorLogger - NeuroscanImplement.__read_data - INFO - 发送处理数据完毕
2025-02-27 18:24:52.227 - collectorLogger - NeuroscanImplement.__read_data - INFO - 发送处理数据完毕
2025-02-27 18:24:52.234 - collectorLogger - NeuroscanImplement.__read_data - INFO - 发送处理数据完毕
2025-02-27 18:24:52.236 - collectorLogger - NeuroscanImplement.__read_data - INFO - 发送处理数据完毕
2025-02-27 18:24:52.241 - collectorLogger - NeuroscanImplement.__read_data - INFO - 发送处理数据完毕
2025-02-27 18:24:52.246 - collectorLogger - NeuroscanImplement.__read_data - INFO - 发送处理数据完毕
2025-02-27 18:24:52.249 - collectorLogger - NeuroscanImplement.__read_data - INFO - 发送处理数据完毕
2025-02-27 18:24:52.252 - collectorLogger - NeuroscanImplement.__read_data - INFO - 发送处理数据完毕
2025-02-27 18:24:52.254 - collectorLogger - NeuroscanImplement.__read_data - INFO - 发送处理数据完毕
2025-02-27 18:24:52.256 - collectorLogger - NeuroscanImplement.__read_data - INFO - 发送处理数据完毕
2025-02-27 18:24:52.258 - collectorLogger - NeuroscanImplement.__read_data - INFO - 发送处理数据完毕
2025-02-27 18:24:52.260 - collectorLogger - NeuroscanImplement.__read_data - INFO - 发送处理数据完毕
2025-02-27 18:24:52.262 - collectorLogger - NeuroscanImplement.__read_data - INFO - 发送处理数据完毕
2025-02-27 18:24:52.264 - collectorLogger - NeuroscanImplement.__read_data - INFO - 发送处理数据完毕
2025-02-27 18:24:52.267 - collectorLogger - NeuroscanImplement.__read_data - INFO - 发送处理数据完毕
2025-02-27 18:24:52.269 - collectorLogger - NeuroscanImplement.__read_data - INFO - 发送处理数据完毕
2025-02-27 18:24:52.271 - collectorLogger - NeuroscanImplement.__read_data - INFO - 发送处理数据完毕
2025-02-27 18:24:52.274 - collectorLogger - NeuroscanImplement.__read_data - INFO - 发送处理数据完毕
2025-02-27 18:24:52.276 - collectorLogger - NeuroscanImplement.__read_data - INFO - 发送处理数据完毕
2025-02-27 18:24:52.278 - collectorLogger - NeuroscanImplement.__read_data - INFO - 发送处理数据完毕
2025-02-27 18:24:52.281 - collectorLogger - NeuroscanImplement.__read_data - INFO - 发送处理数据完毕
2025-02-27 18:24:52.283 - collectorLogger - NeuroscanImplement.__read_data - INFO - 发送处理数据完毕
2025-02-27 18:24:52.286 - collectorLogger - NeuroscanImplement.__read_data - INFO - 发送处理数据完毕
2025-02-27 18:24:52.288 - collectorLogger - NeuroscanImplement.__read_data - INFO - 发送处理数据完毕
2025-02-27 18:24:52.290 - collectorLogger - NeuroscanImplement.__read_data - INFO - 发送处理数据完毕
2025-02-27 18:24:52.292 - collectorLogger - NeuroscanImplement.__read_data - INFO - 发送处理数据完毕
2025-02-27 18:24:52.295 - collectorLogger - NeuroscanImplement.__read_data - INFO - 发送处理数据完毕
2025-02-27 18:24:52.297 - collectorLogger - NeuroscanImplement.__read_data - INFO - 发送处理数据完毕
2025-02-27 18:24:52.299 - collectorLogger - NeuroscanImplement.__read_data - INFO - 发送处理数据完毕
2025-02-27 18:24:52.302 - collectorLogger - NeuroscanImplement.__read_data - INFO - 发送处理数据完毕
2025-02-27 18:24:52.305 - collectorLogger - NeuroscanImplement.__read_data - INFO - 发送处理数据完毕
2025-02-27 18:24:52.308 - collectorLogger - NeuroscanImplement.__read_data - INFO - 发送处理数据完毕
2025-02-27 18:24:52.310 - collectorLogger - NeuroscanImplement.__read_data - INFO - 发送处理数据完毕
2025-02-27 18:24:52.312 - collectorLogger - NeuroscanImplement.__read_data - INFO - 发送处理数据完毕
2025-02-27 18:24:52.314 - collectorLogger - NeuroscanImplement.__read_data - INFO - 发送处理数据完毕
2025-02-27 18:24:52.316 - collectorLogger - NeuroscanImplement.__read_data - INFO - 发送处理数据完毕
2025-02-27 18:24:52.319 - collectorLogger - NeuroscanImplement.__read_data - INFO - 发送处理数据完毕
2025-02-27 18:24:52.322 - collectorLogger - NeuroscanImplement.__read_data - INFO - 发送处理数据完毕
2025-02-27 18:24:52.324 - collectorLogger - NeuroscanImplement.__read_data - INFO - 发送处理数据完毕
2025-02-27 18:24:52.326 - collectorLogger - NeuroscanImplement.__read_data - INFO - 发送处理数据完毕
2025-02-27 18:24:52.328 - collectorLogger - NeuroscanImplement.__read_data - INFO - 发送处理数据完毕
2025-02-27 18:24:52.331 - collectorLogger - NeuroscanImplement.__read_data - INFO - 发送处理数据完毕
2025-02-27 18:24:52.333 - collectorLogger - NeuroscanImplement.__read_data - INFO - 发送处理数据完毕
2025-02-27 18:24:52.336 - collectorLogger - NeuroscanImplement.__read_data - INFO - 发送处理数据完毕
2025-02-27 18:24:52.339 - collectorLogger - NeuroscanImplement.__read_data - INFO - 发送处理数据完毕
2025-02-27 18:24:52.341 - collectorLogger - NeuroscanImplement.__read_data - INFO - 发送处理数据完毕
2025-02-27 18:24:52.343 - collectorLogger - NeuroscanImplement.__read_data - INFO - 发送处理数据完毕
2025-02-27 18:24:52.346 - collectorLogger - NeuroscanImplement.__read_data - INFO - 发送处理数据完毕
2025-02-27 18:24:52.348 - collectorLogger - NeuroscanImplement.__read_data - INFO - 发送处理数据完毕
2025-02-27 18:24:52.350 - collectorLogger - NeuroscanImplement.__read_data - INFO - 发送处理数据完毕
2025-02-27 18:24:52.353 - collectorLogger - NeuroscanImplement.__read_data - INFO - 发送处理数据完毕
2025-02-27 18:24:52.356 - collectorLogger - NeuroscanImplement.__read_data - INFO - 发送处理数据完毕
2025-02-27 18:24:52.358 - collectorLogger - NeuroscanImplement.__read_data - INFO - 发送处理数据完毕
2025-02-27 18:24:52.360 - collectorLogger - NeuroscanImplement.__read_data - INFO - 发送处理数据完毕
2025-02-27 18:24:52.362 - collectorLogger - NeuroscanImplement.__read_data - INFO - 发送处理数据完毕
2025-02-27 18:24:52.365 - collectorLogger - NeuroscanImplement.__read_data - INFO - 发送处理数据完毕
2025-02-27 18:24:52.368 - collectorLogger - NeuroscanImplement.__read_data - INFO - 发送处理数据完毕
2025-02-27 18:24:52.370 - collectorLogger - NeuroscanImplement.__read_data - INFO - 发送处理数据完毕
2025-02-27 18:24:52.373 - collectorLogger - NeuroscanImplement.__read_data - INFO - 发送处理数据完毕
2025-02-27 18:24:52.376 - collectorLogger - NeuroscanImplement.__read_data - INFO - 发送处理数据完毕
2025-02-27 18:24:52.884 - collectorLogger - NeuroscanImplement.__read_data - INFO - 发送处理数据完毕
2025-02-27 18:24:52.888 - collectorLogger - NeuroscanImplement.__read_data - INFO - 发送处理数据完毕
2025-02-27 18:24:52.890 - collectorLogger - NeuroscanImplement.__read_data - INFO - 发送处理数据完毕
2025-02-27 18:24:52.892 - collectorLogger - NeuroscanImplement.__read_data - INFO - 发送处理数据完毕
2025-02-27 18:24:52.896 - collectorLogger - NeuroscanImplement.__read_data - INFO - 发送处理数据完毕
2025-02-27 18:24:52.899 - collectorLogger - NeuroscanImplement.__read_data - INFO - 发送处理数据完毕
2025-02-27 18:24:52.902 - collectorLogger - NeuroscanImplement.__read_data - INFO - 发送处理数据完毕
2025-02-27 18:24:52.907 - collectorLogger - NeuroscanImplement.__read_data - INFO - 发送处理数据完毕
2025-02-27 18:24:52.909 - collectorLogger - NeuroscanImplement.__read_data - INFO - 发送处理数据完毕
2025-02-27 18:24:52.911 - collectorLogger - NeuroscanImplement.__read_data - INFO - 发送处理数据完毕
2025-02-27 18:24:52.914 - collectorLogger - NeuroscanImplement.__read_data - INFO - 发送处理数据完毕
2025-02-27 18:24:52.919 - collectorLogger - NeuroscanImplement.__read_data - INFO - 发送处理数据完毕
2025-02-27 18:24:52.922 - collectorLogger - NeuroscanImplement.__read_data - INFO - 发送处理数据完毕
2025-02-27 18:24:52.925 - collectorLogger - NeuroscanImplement.__read_data - INFO - 发送处理数据完毕
2025-02-27 18:24:52.929 - collectorLogger - NeuroscanImplement.__read_data - INFO - 发送处理数据完毕
2025-02-27 18:24:52.931 - collectorLogger - NeuroscanImplement.__read_data - INFO - 发送处理数据完毕
2025-02-27 18:24:52.935 - collectorLogger - NeuroscanImplement.__read_data - INFO - 发送处理数据完毕
2025-02-27 18:24:52.937 - collectorLogger - NeuroscanImplement.__read_data - INFO - 发送处理数据完毕
2025-02-27 18:24:52.940 - collectorLogger - NeuroscanImplement.__read_data - INFO - 发送处理数据完毕
2025-02-27 18:24:52.942 - collectorLogger - NeuroscanImplement.__read_data - INFO - 发送处理数据完毕
2025-02-27 18:24:52.944 - collectorLogger - NeuroscanImplement.__read_data - INFO - 发送处理数据完毕
2025-02-27 18:24:52.946 - collectorLogger - NeuroscanImplement.__read_data - INFO - 发送处理数据完毕
2025-02-27 18:24:52.948 - collectorLogger - NeuroscanImplement.__read_data - INFO - 发送处理数据完毕
2025-02-27 18:24:52.952 - collectorLogger - NeuroscanImplement.__read_data - INFO - 发送处理数据完毕
2025-02-27 18:24:52.955 - collectorLogger - NeuroscanImplement.__read_data - INFO - 发送处理数据完毕
2025-02-27 18:24:52.957 - collectorLogger - NeuroscanImplement.__read_data - INFO - 发送处理数据完毕
2025-02-27 18:24:52.959 - collectorLogger - NeuroscanImplement.__read_data - INFO - 发送处理数据完毕
2025-02-27 18:24:52.962 - collectorLogger - NeuroscanImplement.__read_data - INFO - 发送处理数据完毕
2025-02-27 18:24:52.964 - collectorLogger - NeuroscanImplement.__read_data - INFO - 发送处理数据完毕
2025-02-27 18:24:52.969 - collectorLogger - NeuroscanImplement.__read_data - INFO - 发送处理数据完毕
2025-02-27 18:24:52.974 - collectorLogger - NeuroscanImplement.__read_data - INFO - 发送处理数据完毕
2025-02-27 18:24:52.977 - collectorLogger - NeuroscanImplement.__read_data - INFO - 发送处理数据完毕
2025-02-27 18:24:52.979 - collectorLogger - NeuroscanImplement.__read_data - INFO - 发送处理数据完毕
2025-02-27 18:24:52.982 - collectorLogger - NeuroscanImplement.__read_data - INFO - 发送处理数据完毕
2025-02-27 18:24:52.985 - collectorLogger - NeuroscanImplement.__read_data - INFO - 发送处理数据完毕
2025-02-27 18:24:52.989 - collectorLogger - NeuroscanImplement.__read_data - INFO - 发送处理数据完毕
2025-02-27 18:24:52.992 - collectorLogger - NeuroscanImplement.__read_data - INFO - 发送处理数据完毕
2025-02-27 18:24:52.994 - collectorLogger - NeuroscanImplement.__read_data - INFO - 发送处理数据完毕
2025-02-27 18:24:52.996 - collectorLogger - NeuroscanImplement.__read_data - INFO - 发送处理数据完毕
2025-02-27 18:24:52.999 - collectorLogger - NeuroscanImplement.__read_data - INFO - 发送处理数据完毕
2025-02-27 18:24:53.003 - collectorLogger - NeuroscanImplement.__read_data - INFO - 发送处理数据完毕
2025-02-27 18:24:53.006 - collectorLogger - NeuroscanImplement.__read_data - INFO - 发送处理数据完毕
2025-02-27 18:24:53.008 - collectorLogger - NeuroscanImplement.__read_data - INFO - 发送处理数据完毕
2025-02-27 18:24:53.012 - collectorLogger - NeuroscanImplement.__read_data - INFO - 发送处理数据完毕
2025-02-27 18:24:53.021 - collectorLogger - NeuroscanImplement.__read_data - INFO - 发送处理数据完毕
2025-02-27 18:24:53.026 - collectorLogger - NeuroscanImplement.__read_data - INFO - 发送处理数据完毕
2025-02-27 18:24:53.030 - collectorLogger - NeuroscanImplement.__read_data - INFO - 发送处理数据完毕
2025-02-27 18:24:53.035 - collectorLogger - NeuroscanImplement.__read_data - INFO - 发送处理数据完毕
2025-02-27 18:24:53.040 - collectorLogger - NeuroscanImplement.__read_data - INFO - 发送处理数据完毕
2025-02-27 18:24:53.042 - collectorLogger - NeuroscanImplement.__read_data - INFO - 发送处理数据完毕
2025-02-27 18:24:53.046 - collectorLogger - NeuroscanImplement.__read_data - INFO - 发送处理数据完毕
2025-02-27 18:24:53.048 - collectorLogger - NeuroscanImplement.__read_data - INFO - 发送处理数据完毕
2025-02-27 18:24:53.049 - collectorLogger - NeuroscanImplement.__read_data - INFO - 发送处理数据完毕
2025-02-27 18:24:53.054 - collectorLogger - NeuroscanImplement.__read_data - INFO - 发送处理数据完毕
2025-02-27 18:24:53.056 - collectorLogger - NeuroscanImplement.__read_data - INFO - 发送处理数据完毕
2025-02-27 18:24:53.058 - collectorLogger - NeuroscanImplement.__read_data - INFO - 发送处理数据完毕
2025-02-27 18:24:53.061 - collectorLogger - NeuroscanImplement.__read_data - INFO - 发送处理数据完毕
2025-02-27 18:24:53.063 - collectorLogger - NeuroscanImplement.__read_data - INFO - 发送处理数据完毕
2025-02-27 18:24:53.065 - collectorLogger - NeuroscanImplement.__read_data - INFO - 发送处理数据完毕
2025-02-27 18:24:53.068 - collectorLogger - NeuroscanImplement.__read_data - INFO - 发送处理数据完毕
2025-02-27 18:24:53.070 - collectorLogger - NeuroscanImplement.__read_data - INFO - 发送处理数据完毕
2025-02-27 18:24:53.073 - collectorLogger - NeuroscanImplement.__read_data - INFO - 发送处理数据完毕
2025-02-27 18:24:53.077 - collectorLogger - NeuroscanImplement.__read_data - INFO - 发送处理数据完毕
2025-02-27 18:24:53.079 - collectorLogger - NeuroscanImplement.__read_data - INFO - 发送处理数据完毕
2025-02-27 18:24:53.081 - collectorLogger - NeuroscanImplement.__read_data - INFO - 发送处理数据完毕
2025-02-27 18:24:53.083 - collectorLogger - NeuroscanImplement.__read_data - INFO - 发送处理数据完毕
2025-02-27 18:24:53.087 - collectorLogger - NeuroscanImplement.__read_data - INFO - 发送处理数据完毕
2025-02-27 18:24:53.090 - collectorLogger - NeuroscanImplement.__read_data - INFO - 发送处理数据完毕
2025-02-27 18:24:53.092 - collectorLogger - NeuroscanImplement.__read_data - INFO - 发送处理数据完毕
2025-02-27 18:24:53.094 - collectorLogger - NeuroscanImplement.__read_data - INFO - 发送处理数据完毕
2025-02-27 18:24:53.096 - collectorLogger - NeuroscanImplement.__read_data - INFO - 发送处理数据完毕
2025-02-27 18:24:53.098 - collectorLogger - NeuroscanImplement.__read_data - INFO - 发送处理数据完毕
2025-02-27 18:24:53.099 - collectorLogger - NeuroscanImplement.__read_data - INFO - 发送处理数据完毕
2025-02-27 18:24:53.101 - collectorLogger - NeuroscanImplement.__read_data - INFO - 发送处理数据完毕
2025-02-27 18:24:53.103 - collectorLogger - NeuroscanImplement.__read_data - INFO - 发送处理数据完毕
2025-02-27 18:24:53.105 - collectorLogger - NeuroscanImplement.__read_data - INFO - 发送处理数据完毕
2025-02-27 18:24:53.108 - collectorLogger - NeuroscanImplement.__read_data - INFO - 发送处理数据完毕
2025-02-27 18:24:53.110 - collectorLogger - NeuroscanImplement.__read_data - INFO - 发送处理数据完毕
2025-02-27 18:24:53.113 - collectorLogger - NeuroscanImplement.__read_data - INFO - 发送处理数据完毕
2025-02-27 18:24:53.116 - collectorLogger - NeuroscanImplement.__read_data - INFO - 发送处理数据完毕
2025-02-27 18:24:53.118 - collectorLogger - NeuroscanImplement.__read_data - INFO - 发送处理数据完毕
2025-02-27 18:24:53.120 - collectorLogger - NeuroscanImplement.__read_data - INFO - 发送处理数据完毕
2025-02-27 18:24:53.123 - collectorLogger - NeuroscanImplement.__read_data - INFO - 发送处理数据完毕
2025-02-27 18:24:53.126 - collectorLogger - NeuroscanImplement.__read_data - INFO - 发送处理数据完毕
2025-02-27 18:24:53.129 - collectorLogger - NeuroscanImplement.__read_data - INFO - 发送处理数据完毕
2025-02-27 18:24:53.131 - collectorLogger - NeuroscanImplement.__read_data - INFO - 发送处理数据完毕
2025-02-27 18:24:53.133 - collectorLogger - NeuroscanImplement.__read_data - INFO - 发送处理数据完毕
2025-02-27 18:24:53.138 - collectorLogger - NeuroscanImplement.__read_data - INFO - 发送处理数据完毕
2025-02-27 18:24:53.142 - collectorLogger - NeuroscanImplement.__read_data - INFO - 发送处理数据完毕
2025-02-27 18:24:53.144 - collectorLogger - NeuroscanImplement.__read_data - INFO - 发送处理数据完毕
2025-02-27 18:24:53.147 - collectorLogger - NeuroscanImplement.__read_data - INFO - 发送处理数据完毕
2025-02-27 18:24:53.151 - collectorLogger - NeuroscanImplement.__read_data - INFO - 发送处理数据完毕
2025-02-27 18:24:53.153 - collectorLogger - NeuroscanImplement.__read_data - INFO - 发送处理数据完毕
2025-02-27 18:24:53.156 - collectorLogger - NeuroscanImplement.__read_data - INFO - 发送处理数据完毕
2025-02-27 18:24:53.157 - collectorLogger - NeuroscanImplement.__read_data - INFO - 发送处理数据完毕
2025-02-27 18:24:53.159 - collectorLogger - NeuroscanImplement.__read_data - INFO - 发送处理数据完毕
2025-02-27 18:24:53.161 - collectorLogger - NeuroscanImplement.__read_data - INFO - 发送处理数据完毕
2025-02-27 18:24:53.163 - collectorLogger - NeuroscanImplement.__read_data - INFO - 发送处理数据完毕
2025-02-27 18:24:53.165 - collectorLogger - NeuroscanImplement.__read_data - INFO - 发送处理数据完毕
2025-02-27 18:24:53.167 - collectorLogger - NeuroscanImplement.__read_data - INFO - 发送处理数据完毕
2025-02-27 18:24:53.169 - collectorLogger - NeuroscanImplement.__read_data - INFO - 发送处理数据完毕
2025-02-27 18:24:53.171 - collectorLogger - NeuroscanImplement.__read_data - INFO - 发送处理数据完毕
2025-02-27 18:24:53.173 - collectorLogger - NeuroscanImplement.__read_data - INFO - 发送处理数据完毕
2025-02-27 18:24:53.175 - collectorLogger - NeuroscanImplement.__read_data - INFO - 发送处理数据完毕
2025-02-27 18:24:53.177 - collectorLogger - NeuroscanImplement.__read_data - INFO - 发送处理数据完毕
2025-02-27 18:24:53.178 - collectorLogger - NeuroscanImplement.__read_data - INFO - 发送处理数据完毕
2025-02-27 18:24:53.180 - collectorLogger - NeuroscanImplement.__read_data - INFO - 发送处理数据完毕
2025-02-27 18:24:53.181 - collectorLogger - NeuroscanImplement.__read_data - INFO - 发送处理数据完毕
2025-02-27 18:24:53.183 - collectorLogger - NeuroscanImplement.__read_data - INFO - 发送处理数据完毕
2025-02-27 18:24:53.185 - collectorLogger - NeuroscanImplement.__read_data - INFO - 发送处理数据完毕
2025-02-27 18:24:53.187 - collectorLogger - NeuroscanImplement.__read_data - INFO - 发送处理数据完毕
2025-02-27 18:24:53.190 - collectorLogger - NeuroscanImplement.__read_data - INFO - 发送处理数据完毕
2025-02-27 18:24:53.192 - collectorLogger - NeuroscanImplement.__read_data - INFO - 发送处理数据完毕
2025-02-27 18:24:53.193 - collectorLogger - NeuroscanImplement.__read_data - INFO - 发送处理数据完毕
2025-02-27 18:24:53.195 - collectorLogger - NeuroscanImplement.__read_data - INFO - 发送处理数据完毕
2025-02-27 18:24:53.196 - collectorLogger - NeuroscanImplement.__read_data - INFO - 发送处理数据完毕
2025-02-27 18:24:53.198 - collectorLogger - NeuroscanImplement.__read_data - INFO - 发送处理数据完毕
2025-02-27 18:24:53.200 - collectorLogger - NeuroscanImplement.__read_data - INFO - 发送处理数据完毕
2025-02-27 18:24:53.202 - collectorLogger - NeuroscanImplement.__read_data - INFO - 发送处理数据完毕
2025-02-27 18:24:53.205 - collectorLogger - NeuroscanImplement.__read_data - INFO - 发送处理数据完毕
2025-02-27 18:24:53.207 - collectorLogger - NeuroscanImplement.__read_data - INFO - 发送处理数据完毕
2025-02-27 18:24:53.209 - collectorLogger - NeuroscanImplement.__read_data - INFO - 发送处理数据完毕
2025-02-27 18:24:53.210 - collectorLogger - NeuroscanImplement.__read_data - INFO - 发送处理数据完毕
2025-02-27 18:24:53.212 - collectorLogger - NeuroscanImplement.__read_data - INFO - 发送处理数据完毕
2025-02-27 18:24:53.214 - collectorLogger - NeuroscanImplement.__read_data - INFO - 发送处理数据完毕
2025-02-27 18:24:53.216 - collectorLogger - NeuroscanImplement.__read_data - INFO - 发送处理数据完毕
2025-02-27 18:24:53.222 - collectorLogger - NeuroscanImplement.__read_data - INFO - 发送处理数据完毕
2025-02-27 18:24:53.224 - collectorLogger - NeuroscanImplement.__read_data - INFO - 发送处理数据完毕
2025-02-27 18:24:53.226 - collectorLogger - NeuroscanImplement.__read_data - INFO - 发送处理数据完毕
2025-02-27 18:24:53.227 - collectorLogger - NeuroscanImplement.__read_data - INFO - 发送处理数据完毕
2025-02-27 18:24:53.229 - collectorLogger - NeuroscanImplement.__read_data - INFO - 发送处理数据完毕
2025-02-27 18:24:53.230 - collectorLogger - NeuroscanImplement.__read_data - INFO - 发送处理数据完毕
2025-02-27 18:24:53.232 - collectorLogger - NeuroscanImplement.__read_data - INFO - 发送处理数据完毕
2025-02-27 18:24:53.234 - collectorLogger - NeuroscanImplement.__read_data - INFO - 发送处理数据完毕
2025-02-27 18:24:53.237 - collectorLogger - NeuroscanImplement.__read_data - INFO - 发送处理数据完毕
2025-02-27 18:24:53.239 - collectorLogger - NeuroscanImplement.__read_data - INFO - 发送处理数据完毕
2025-02-27 18:24:53.241 - collectorLogger - NeuroscanImplement.__read_data - INFO - 发送处理数据完毕
2025-02-27 18:24:53.242 - collectorLogger - NeuroscanImplement.__read_data - INFO - 发送处理数据完毕
2025-02-27 18:24:53.243 - collectorLogger - NeuroscanImplement.__read_data - INFO - 发送处理数据完毕
2025-02-27 18:24:53.245 - collectorLogger - NeuroscanImplement.__read_data - INFO - 发送处理数据完毕
2025-02-27 18:24:53.246 - collectorLogger - NeuroscanImplement.__read_data - INFO - 发送处理数据完毕
2025-02-27 18:24:53.248 - collectorLogger - NeuroscanImplement.__read_data - INFO - 发送处理数据完毕
2025-02-27 18:24:53.249 - collectorLogger - NeuroscanImplement.__read_data - INFO - 发送处理数据完毕
2025-02-27 18:24:53.251 - collectorLogger - NeuroscanImplement.__read_data - INFO - 发送处理数据完毕
2025-02-27 18:24:53.252 - collectorLogger - NeuroscanImplement.__read_data - INFO - 发送处理数据完毕
2025-02-27 18:24:53.254 - collectorLogger - NeuroscanImplement.__read_data - INFO - 发送处理数据完毕
2025-02-27 18:24:53.256 - collectorLogger - NeuroscanImplement.__read_data - INFO - 发送处理数据完毕
2025-02-27 18:24:53.258 - collectorLogger - NeuroscanImplement.__read_data - INFO - 发送处理数据完毕
2025-02-27 18:24:53.259 - collectorLogger - NeuroscanImplement.__read_data - INFO - 发送处理数据完毕
2025-02-27 18:24:53.261 - collectorLogger - NeuroscanImplement.__read_data - INFO - 发送处理数据完毕
2025-02-27 18:24:53.262 - collectorLogger - NeuroscanImplement.__read_data - INFO - 发送处理数据完毕
2025-02-27 18:24:53.263 - collectorLogger - NeuroscanImplement.__read_data - INFO - 发送处理数据完毕
2025-02-27 18:24:53.265 - collectorLogger - NeuroscanImplement.__read_data - INFO - 发送处理数据完毕
2025-02-27 18:24:53.266 - collectorLogger - NeuroscanImplement.__read_data - INFO - 发送处理数据完毕
2025-02-27 18:24:53.268 - collectorLogger - NeuroscanImplement.__read_data - INFO - 发送处理数据完毕
2025-02-27 18:24:53.270 - collectorLogger - NeuroscanImplement.__read_data - INFO - 发送处理数据完毕
2025-02-27 18:24:53.271 - collectorLogger - NeuroscanImplement.__read_data - INFO - 发送处理数据完毕
2025-02-27 18:24:53.273 - collectorLogger - NeuroscanImplement.__read_data - INFO - 发送处理数据完毕
2025-02-27 18:24:53.274 - collectorLogger - NeuroscanImplement.__read_data - INFO - 发送处理数据完毕
2025-02-27 18:24:53.276 - collectorLogger - NeuroscanImplement.__read_data - INFO - 发送处理数据完毕
2025-02-27 18:24:53.277 - collectorLogger - NeuroscanImplement.__read_data - INFO - 发送处理数据完毕
2025-02-27 18:24:53.278 - collectorLogger - NeuroscanImplement.__read_data - INFO - 发送处理数据完毕
2025-02-27 18:24:53.280 - collectorLogger - NeuroscanImplement.__read_data - INFO - 发送处理数据完毕
2025-02-27 18:24:53.281 - collectorLogger - NeuroscanImplement.__read_data - INFO - 发送处理数据完毕
2025-02-27 18:24:53.283 - collectorLogger - NeuroscanImplement.__read_data - INFO - 发送处理数据完毕
2025-02-27 18:24:53.284 - collectorLogger - NeuroscanImplement.__read_data - INFO - 发送处理数据完毕
2025-02-27 18:24:53.286 - collectorLogger - NeuroscanImplement.__read_data - INFO - 发送处理数据完毕
2025-02-27 18:24:53.287 - collectorLogger - NeuroscanImplement.__read_data - INFO - 发送处理数据完毕
2025-02-27 18:24:53.289 - collectorLogger - NeuroscanImplement.__read_data - INFO - 发送处理数据完毕
2025-02-27 18:24:53.290 - collectorLogger - NeuroscanImplement.__read_data - INFO - 发送处理数据完毕
2025-02-27 18:24:53.291 - collectorLogger - NeuroscanImplement.__read_data - INFO - 发送处理数据完毕
2025-02-27 18:24:53.293 - collectorLogger - NeuroscanImplement.__read_data - INFO - 发送处理数据完毕
2025-02-27 18:24:53.294 - collectorLogger - NeuroscanImplement.__read_data - INFO - 发送处理数据完毕
2025-02-27 18:24:53.296 - collectorLogger - NeuroscanImplement.__read_data - INFO - 发送处理数据完毕
2025-02-27 18:24:53.297 - collectorLogger - NeuroscanImplement.__read_data - INFO - 发送处理数据完毕
2025-02-27 18:24:53.299 - collectorLogger - NeuroscanImplement.__read_data - INFO - 发送处理数据完毕
2025-02-27 18:24:53.300 - collectorLogger - NeuroscanImplement.__read_data - INFO - 发送处理数据完毕
2025-02-27 18:24:53.302 - collectorLogger - NeuroscanImplement.__read_data - INFO - 发送处理数据完毕
2025-02-27 18:24:53.304 - collectorLogger - NeuroscanImplement.__read_data - INFO - 发送处理数据完毕
2025-02-27 18:24:53.306 - collectorLogger - NeuroscanImplement.__read_data - INFO - 发送处理数据完毕
2025-02-27 18:24:53.307 - collectorLogger - NeuroscanImplement.__read_data - INFO - 发送处理数据完毕
2025-02-27 18:24:53.309 - collectorLogger - NeuroscanImplement.__read_data - INFO - 发送处理数据完毕
2025-02-27 18:24:53.311 - collectorLogger - NeuroscanImplement.__read_data - INFO - 发送处理数据完毕
2025-02-27 18:24:53.313 - collectorLogger - NeuroscanImplement.__read_data - INFO - 发送处理数据完毕
2025-02-27 18:24:53.314 - collectorLogger - NeuroscanImplement.__read_data - INFO - 发送处理数据完毕
2025-02-27 18:24:53.316 - collectorLogger - NeuroscanImplement.__read_data - INFO - 发送处理数据完毕
2025-02-27 18:24:53.318 - collectorLogger - NeuroscanImplement.__read_data - INFO - 发送处理数据完毕
2025-02-27 18:24:53.320 - collectorLogger - NeuroscanImplement.__read_data - INFO - 发送处理数据完毕
2025-02-27 18:24:53.323 - collectorLogger - NeuroscanImplement.__read_data - INFO - 发送处理数据完毕
2025-02-27 18:24:53.325 - collectorLogger - NeuroscanImplement.__read_data - INFO - 发送处理数据完毕
2025-02-27 18:24:53.326 - collectorLogger - NeuroscanImplement.__read_data - INFO - 发送处理数据完毕
2025-02-27 18:24:53.328 - collectorLogger - NeuroscanImplement.__read_data - INFO - 发送处理数据完毕
2025-02-27 18:24:53.330 - collectorLogger - NeuroscanImplement.__read_data - INFO - 发送处理数据完毕
2025-02-27 18:24:53.331 - collectorLogger - NeuroscanImplement.__read_data - INFO - 发送处理数据完毕
2025-02-27 18:24:53.332 - collectorLogger - NeuroscanImplement.__read_data - INFO - 发送处理数据完毕
2025-02-27 18:24:53.334 - collectorLogger - NeuroscanImplement.__read_data - INFO - 发送处理数据完毕
2025-02-27 18:24:53.337 - collectorLogger - NeuroscanImplement.__read_data - INFO - 发送处理数据完毕
2025-02-27 18:24:53.339 - collectorLogger - NeuroscanImplement.__read_data - INFO - 发送处理数据完毕
2025-02-27 18:24:53.341 - collectorLogger - NeuroscanImplement.__read_data - INFO - 发送处理数据完毕
2025-02-27 18:24:53.343 - collectorLogger - NeuroscanImplement.__read_data - INFO - 发送处理数据完毕
2025-02-27 18:24:53.344 - collectorLogger - NeuroscanImplement.__read_data - INFO - 发送处理数据完毕
2025-02-27 18:24:53.346 - collectorLogger - NeuroscanImplement.__read_data - INFO - 发送处理数据完毕
2025-02-27 18:24:53.347 - collectorLogger - NeuroscanImplement.__read_data - INFO - 发送处理数据完毕
2025-02-27 18:24:53.349 - collectorLogger - NeuroscanImplement.__read_data - INFO - 发送处理数据完毕
2025-02-27 18:24:53.351 - collectorLogger - NeuroscanImplement.__read_data - INFO - 发送处理数据完毕
2025-02-27 18:24:53.353 - collectorLogger - NeuroscanImplement.__read_data - INFO - 发送处理数据完毕
2025-02-27 18:24:53.355 - collectorLogger - NeuroscanImplement.__read_data - INFO - 发送处理数据完毕
2025-02-27 18:24:53.357 - collectorLogger - NeuroscanImplement.__read_data - INFO - 发送处理数据完毕
2025-02-27 18:24:53.358 - collectorLogger - NeuroscanImplement.__read_data - INFO - 发送处理数据完毕
2025-02-27 18:24:53.360 - collectorLogger - NeuroscanImplement.__read_data - INFO - 发送处理数据完毕
2025-02-27 18:24:53.361 - collectorLogger - NeuroscanImplement.__read_data - INFO - 发送处理数据完毕
2025-02-27 18:24:53.363 - collectorLogger - NeuroscanImplement.__read_data - INFO - 发送处理数据完毕
2025-02-27 18:24:53.365 - collectorLogger - NeuroscanImplement.__read_data - INFO - 发送处理数据完毕
2025-02-27 18:24:53.366 - collectorLogger - NeuroscanImplement.__read_data - INFO - 发送处理数据完毕
2025-02-27 18:24:53.369 - collectorLogger - NeuroscanImplement.__read_data - INFO - 发送处理数据完毕
2025-02-27 18:24:53.372 - collectorLogger - NeuroscanImplement.__read_data - INFO - 发送处理数据完毕
2025-02-27 18:24:53.373 - collectorLogger - NeuroscanImplement.__read_data - INFO - 发送处理数据完毕
2025-02-27 18:24:53.375 - collectorLogger - NeuroscanImplement.__read_data - INFO - 发送处理数据完毕
2025-02-27 18:24:53.377 - collectorLogger - NeuroscanImplement.__read_data - INFO - 发送处理数据完毕
2025-02-27 18:24:53.379 - collectorLogger - NeuroscanImplement.__read_data - INFO - 发送处理数据完毕
2025-02-27 18:24:53.380 - collectorLogger - NeuroscanImplement.__read_data - INFO - 发送处理数据完毕
2025-02-27 18:24:53.382 - collectorLogger - NeuroscanImplement.__read_data - INFO - 发送处理数据完毕
2025-02-27 18:24:53.384 - collectorLogger - NeuroscanImplement.__read_data - INFO - 发送处理数据完毕
2025-02-27 18:24:53.386 - collectorLogger - NeuroscanImplement.__read_data - INFO - 发送处理数据完毕
2025-02-27 18:24:53.388 - collectorLogger - NeuroscanImplement.__read_data - INFO - 发送处理数据完毕
2025-02-27 18:24:53.390 - collectorLogger - NeuroscanImplement.__read_data - INFO - 发送处理数据完毕
2025-02-27 18:24:53.391 - collectorLogger - NeuroscanImplement.__read_data - INFO - 发送处理数据完毕
2025-02-27 18:24:53.393 - collectorLogger - NeuroscanImplement.__read_data - INFO - 发送处理数据完毕
2025-02-27 18:24:53.394 - collectorLogger - NeuroscanImplement.__read_data - INFO - 发送处理数据完毕
2025-02-27 18:24:53.396 - collectorLogger - NeuroscanImplement.__read_data - INFO - 发送处理数据完毕
2025-02-27 18:24:53.398 - collectorLogger - NeuroscanImplement.__read_data - INFO - 发送处理数据完毕
2025-02-27 18:24:53.399 - collectorLogger - NeuroscanImplement.__read_data - INFO - 发送处理数据完毕
2025-02-27 18:24:53.401 - collectorLogger - NeuroscanImplement.__read_data - INFO - 发送处理数据完毕
2025-02-27 18:24:53.404 - collectorLogger - NeuroscanImplement.__read_data - INFO - 发送处理数据完毕
2025-02-27 18:24:53.405 - collectorLogger - NeuroscanImplement.__read_data - INFO - 发送处理数据完毕
2025-02-27 18:24:53.407 - collectorLogger - NeuroscanImplement.__read_data - INFO - 发送处理数据完毕
2025-02-27 18:24:53.409 - collectorLogger - NeuroscanImplement.__read_data - INFO - 发送处理数据完毕
2025-02-27 18:24:53.410 - collectorLogger - NeuroscanImplement.__read_data - INFO - 发送处理数据完毕
2025-02-27 18:24:53.412 - collectorLogger - NeuroscanImplement.__read_data - INFO - 发送处理数据完毕
2025-02-27 18:24:53.413 - collectorLogger - NeuroscanImplement.__read_data - INFO - 发送处理数据完毕
2025-02-27 18:24:53.415 - collectorLogger - NeuroscanImplement.__read_data - INFO - 发送处理数据完毕
2025-02-27 18:24:53.417 - collectorLogger - NeuroscanImplement.__read_data - INFO - 发送处理数据完毕
2025-02-27 18:24:53.419 - collectorLogger - NeuroscanImplement.__read_data - INFO - 发送处理数据完毕
2025-02-27 18:24:53.421 - collectorLogger - NeuroscanImplement.__read_data - INFO - 发送处理数据完毕
2025-02-27 18:24:53.422 - collectorLogger - NeuroscanImplement.__read_data - INFO - 发送处理数据完毕
2025-02-27 18:24:53.424 - collectorLogger - NeuroscanImplement.__read_data - INFO - 发送处理数据完毕
2025-02-27 18:24:53.426 - collectorLogger - NeuroscanImplement.__read_data - INFO - 发送处理数据完毕
2025-02-27 18:24:53.427 - collectorLogger - NeuroscanImplement.__read_data - INFO - 发送处理数据完毕
2025-02-27 18:24:53.429 - collectorLogger - NeuroscanImplement.__read_data - INFO - 发送处理数据完毕
2025-02-27 18:24:53.430 - collectorLogger - NeuroscanImplement.__read_data - INFO - 发送处理数据完毕
2025-02-27 18:24:53.431 - collectorLogger - NeuroscanImplement.__read_data - INFO - 发送处理数据完毕
2025-02-27 18:24:53.433 - collectorLogger - NeuroscanImplement.__read_data - INFO - 发送处理数据完毕
2025-02-27 18:24:53.908 - collectorLogger - NeuroscanImplement.__read_data - INFO - 发送处理数据完毕
2025-02-27 18:24:53.910 - collectorLogger - NeuroscanImplement.__read_data - INFO - 发送处理数据完毕
2025-02-27 18:24:53.912 - collectorLogger - NeuroscanImplement.__read_data - INFO - 发送处理数据完毕
2025-02-27 18:24:53.914 - collectorLogger - NeuroscanImplement.__read_data - INFO - 发送处理数据完毕
2025-02-27 18:24:53.916 - collectorLogger - NeuroscanImplement.__read_data - INFO - 发送处理数据完毕
2025-02-27 18:24:53.918 - collectorLogger - NeuroscanImplement.__read_data - INFO - 发送处理数据完毕
2025-02-27 18:24:53.923 - collectorLogger - NeuroscanImplement.__read_data - INFO - 发送处理数据完毕
2025-02-27 18:24:53.926 - collectorLogger - NeuroscanImplement.__read_data - INFO - 发送处理数据完毕
2025-02-27 18:24:53.929 - collectorLogger - NeuroscanImplement.__read_data - INFO - 发送处理数据完毕
2025-02-27 18:24:53.931 - collectorLogger - NeuroscanImplement.__read_data - INFO - 发送处理数据完毕
2025-02-27 18:24:53.932 - collectorLogger - NeuroscanImplement.__read_data - INFO - 发送处理数据完毕
2025-02-27 18:24:53.935 - collectorLogger - NeuroscanImplement.__read_data - INFO - 发送处理数据完毕
2025-02-27 18:24:53.941 - collectorLogger - NeuroscanImplement.__read_data - INFO - 发送处理数据完毕
2025-02-27 18:24:53.944 - collectorLogger - NeuroscanImplement.__read_data - INFO - 发送处理数据完毕
2025-02-27 18:24:53.946 - collectorLogger - NeuroscanImplement.__read_data - INFO - 发送处理数据完毕
2025-02-27 18:24:53.948 - collectorLogger - NeuroscanImplement.__read_data - INFO - 发送处理数据完毕
2025-02-27 18:24:53.950 - collectorLogger - NeuroscanImplement.__read_data - INFO - 发送处理数据完毕
2025-02-27 18:24:53.955 - collectorLogger - NeuroscanImplement.__read_data - INFO - 发送处理数据完毕
2025-02-27 18:24:53.959 - collectorLogger - NeuroscanImplement.__read_data - INFO - 发送处理数据完毕
2025-02-27 18:24:53.961 - collectorLogger - NeuroscanImplement.__read_data - INFO - 发送处理数据完毕
2025-02-27 18:24:53.963 - collectorLogger - NeuroscanImplement.__read_data - INFO - 发送处理数据完毕
2025-02-27 18:24:53.966 - collectorLogger - NeuroscanImplement.__read_data - INFO - 发送处理数据完毕
2025-02-27 18:24:53.972 - collectorLogger - NeuroscanImplement.__read_data - INFO - 发送处理数据完毕
2025-02-27 18:24:53.979 - collectorLogger - NeuroscanImplement.__read_data - INFO - 发送处理数据完毕
2025-02-27 18:24:53.981 - collectorLogger - NeuroscanImplement.__read_data - INFO - 发送处理数据完毕
2025-02-27 18:24:53.984 - collectorLogger - NeuroscanImplement.__read_data - INFO - 发送处理数据完毕
2025-02-27 18:24:53.989 - collectorLogger - NeuroscanImplement.__read_data - INFO - 发送处理数据完毕
2025-02-27 18:24:53.992 - collectorLogger - NeuroscanImplement.__read_data - INFO - 发送处理数据完毕
2025-02-27 18:24:53.994 - collectorLogger - NeuroscanImplement.__read_data - INFO - 发送处理数据完毕
2025-02-27 18:24:53.996 - collectorLogger - NeuroscanImplement.__read_data - INFO - 发送处理数据完毕
2025-02-27 18:24:53.998 - collectorLogger - NeuroscanImplement.__read_data - INFO - 发送处理数据完毕
2025-02-27 18:24:54.000 - collectorLogger - NeuroscanImplement.__read_data - INFO - 发送处理数据完毕
2025-02-27 18:24:54.004 - collectorLogger - NeuroscanImplement.__read_data - INFO - 发送处理数据完毕
2025-02-27 18:24:54.008 - collectorLogger - NeuroscanImplement.__read_data - INFO - 发送处理数据完毕
2025-02-27 18:24:54.011 - collectorLogger - NeuroscanImplement.__read_data - INFO - 发送处理数据完毕
2025-02-27 18:24:54.013 - collectorLogger - NeuroscanImplement.__read_data - INFO - 发送处理数据完毕
2025-02-27 18:24:54.015 - collectorLogger - NeuroscanImplement.__read_data - INFO - 发送处理数据完毕
2025-02-27 18:24:54.018 - collectorLogger - NeuroscanImplement.__read_data - INFO - 发送处理数据完毕
2025-02-27 18:24:54.025 - collectorLogger - NeuroscanImplement.__read_data - INFO - 发送处理数据完毕
2025-02-27 18:24:54.031 - collectorLogger - NeuroscanImplement.__read_data - INFO - 发送处理数据完毕
2025-02-27 18:24:54.036 - collectorLogger - NeuroscanImplement.__read_data - INFO - 发送处理数据完毕
2025-02-27 18:24:54.045 - collectorLogger - NeuroscanImplement.__read_data - INFO - 发送处理数据完毕
2025-02-27 18:24:54.050 - collectorLogger - NeuroscanImplement.__read_data - INFO - 发送处理数据完毕
2025-02-27 18:24:54.053 - collectorLogger - NeuroscanImplement.__read_data - INFO - 发送处理数据完毕
2025-02-27 18:24:54.062 - collectorLogger - NeuroscanImplement.__read_data - INFO - 发送处理数据完毕
2025-02-27 18:24:54.068 - collectorLogger - NeuroscanImplement.__read_data - INFO - 发送处理数据完毕
2025-02-27 18:24:54.073 - collectorLogger - NeuroscanImplement.__read_data - INFO - 发送处理数据完毕
2025-02-27 18:24:54.076 - collectorLogger - NeuroscanImplement.__read_data - INFO - 发送处理数据完毕
2025-02-27 18:24:54.078 - collectorLogger - NeuroscanImplement.__read_data - INFO - 发送处理数据完毕
2025-02-27 18:24:54.080 - collectorLogger - NeuroscanImplement.__read_data - INFO - 发送处理数据完毕
2025-02-27 18:24:54.082 - collectorLogger - NeuroscanImplement.__read_data - INFO - 发送处理数据完毕
2025-02-27 18:24:54.085 - collectorLogger - NeuroscanImplement.__read_data - INFO - 发送处理数据完毕
2025-02-27 18:24:54.094 - collectorLogger - NeuroscanImplement.__read_data - INFO - 发送处理数据完毕
2025-02-27 18:24:54.097 - collectorLogger - NeuroscanImplement.__read_data - INFO - 发送处理数据完毕
2025-02-27 18:24:54.101 - collectorLogger - NeuroscanImplement.__read_data - INFO - 发送处理数据完毕
2025-02-27 18:24:54.111 - collectorLogger - NeuroscanImplement.__read_data - INFO - 发送处理数据完毕
2025-02-27 18:24:54.114 - collectorLogger - NeuroscanImplement.__read_data - INFO - 发送处理数据完毕
2025-02-27 18:24:54.118 - collectorLogger - NeuroscanImplement.__read_data - INFO - 发送处理数据完毕
2025-02-27 18:24:54.121 - collectorLogger - NeuroscanImplement.__read_data - INFO - 发送处理数据完毕
2025-02-27 18:24:54.124 - collectorLogger - NeuroscanImplement.__read_data - INFO - 发送处理数据完毕
2025-02-27 18:24:54.127 - collectorLogger - NeuroscanImplement.__read_data - INFO - 发送处理数据完毕
2025-02-27 18:24:54.144 - collectorLogger - NeuroscanImplement.__read_data - INFO - 发送处理数据完毕
2025-02-27 18:24:54.147 - collectorLogger - NeuroscanImplement.__read_data - INFO - 发送处理数据完毕
2025-02-27 18:24:54.152 - collectorLogger - NeuroscanImplement.__read_data - INFO - 发送处理数据完毕
2025-02-27 18:24:54.161 - collectorLogger - NeuroscanImplement.__read_data - INFO - 发送处理数据完毕
2025-02-27 18:24:54.163 - collectorLogger - NeuroscanImplement.__read_data - INFO - 发送处理数据完毕
2025-02-27 18:24:54.168 - collectorLogger - NeuroscanImplement.__read_data - INFO - 发送处理数据完毕
2025-02-27 18:24:54.174 - collectorLogger - NeuroscanImplement.__read_data - INFO - 发送处理数据完毕
2025-02-27 18:24:54.182 - collectorLogger - NeuroscanImplement.__read_data - INFO - 发送处理数据完毕
2025-02-27 18:24:54.195 - collectorLogger - NeuroscanImplement.__read_data - INFO - 发送处理数据完毕
2025-02-27 18:24:54.198 - collectorLogger - NeuroscanImplement.__read_data - INFO - 发送处理数据完毕
2025-02-27 18:24:54.203 - collectorLogger - NeuroscanImplement.__read_data - INFO - 发送处理数据完毕
2025-02-27 18:24:54.209 - collectorLogger - NeuroscanImplement.__read_data - INFO - 发送处理数据完毕
2025-02-27 18:24:54.234 - collectorLogger - NeuroscanImplement.__read_data - INFO - 发送处理数据完毕
2025-02-27 18:24:54.270 - collectorLogger - NeuroscanImplement.__read_data - INFO - 发送处理数据完毕
2025-02-27 18:24:54.273 - collectorLogger - NeuroscanImplement.__read_data - INFO - 发送处理数据完毕
2025-02-27 18:24:54.276 - collectorLogger - NeuroscanImplement.__read_data - INFO - 发送处理数据完毕
2025-02-27 18:24:54.285 - collectorLogger - NeuroscanImplement.__read_data - INFO - 发送处理数据完毕
2025-02-27 18:24:54.288 - collectorLogger - NeuroscanImplement.__read_data - INFO - 发送处理数据完毕
2025-02-27 18:24:54.292 - collectorLogger - NeuroscanImplement.__read_data - INFO - 发送处理数据完毕
2025-02-27 18:24:54.295 - collectorLogger - NeuroscanImplement.__read_data - INFO - 发送处理数据完毕
2025-02-27 18:24:54.298 - collectorLogger - NeuroscanImplement.__read_data - INFO - 发送处理数据完毕
2025-02-27 18:24:54.303 - collectorLogger - NeuroscanImplement.__read_data - INFO - 发送处理数据完毕
2025-02-27 18:24:54.306 - collectorLogger - NeuroscanImplement.__read_data - INFO - 发送处理数据完毕
2025-02-27 18:24:54.309 - collectorLogger - NeuroscanImplement.__read_data - INFO - 发送处理数据完毕
2025-02-27 18:24:54.314 - collectorLogger - NeuroscanImplement.__read_data - INFO - 发送处理数据完毕
2025-02-27 18:24:54.317 - collectorLogger - NeuroscanImplement.__read_data - INFO - 发送处理数据完毕
2025-02-27 18:24:54.320 - collectorLogger - NeuroscanImplement.__read_data - INFO - 发送处理数据完毕
2025-02-27 18:24:54.326 - collectorLogger - NeuroscanImplement.__read_data - INFO - 发送处理数据完毕
2025-02-27 18:24:54.329 - collectorLogger - NeuroscanImplement.__read_data - INFO - 发送处理数据完毕
2025-02-27 18:24:54.331 - collectorLogger - NeuroscanImplement.__read_data - INFO - 发送处理数据完毕
2025-02-27 18:24:54.334 - collectorLogger - NeuroscanImplement.__read_data - INFO - 发送处理数据完毕
2025-02-27 18:24:54.341 - collectorLogger - NeuroscanImplement.__read_data - INFO - 发送处理数据完毕
2025-02-27 18:24:54.343 - collectorLogger - NeuroscanImplement.__read_data - INFO - 发送处理数据完毕
2025-02-27 18:24:54.346 - collectorLogger - NeuroscanImplement.__read_data - INFO - 发送处理数据完毕
2025-02-27 18:24:54.354 - collectorLogger - NeuroscanImplement.__read_data - INFO - 发送处理数据完毕
2025-02-27 18:24:54.359 - collectorLogger - NeuroscanImplement.__read_data - INFO - 发送处理数据完毕
2025-02-27 18:24:54.361 - collectorLogger - NeuroscanImplement.__read_data - INFO - 发送处理数据完毕
2025-02-27 18:24:54.364 - collectorLogger - NeuroscanImplement.__read_data - INFO - 发送处理数据完毕
2025-02-27 18:24:54.378 - collectorLogger - NeuroscanImplement.__read_data - INFO - 发送处理数据完毕
2025-02-27 18:24:54.384 - collectorLogger - NeuroscanImplement.__read_data - INFO - 发送处理数据完毕
2025-02-27 18:24:54.404 - collectorLogger - NeuroscanImplement.__read_data - INFO - 发送处理数据完毕
2025-02-27 18:24:54.411 - collectorLogger - NeuroscanImplement.__read_data - INFO - 发送处理数据完毕
2025-02-27 18:24:54.413 - collectorLogger - NeuroscanImplement.__read_data - INFO - 发送处理数据完毕
2025-02-27 18:24:54.416 - collectorLogger - NeuroscanImplement.__read_data - INFO - 发送处理数据完毕
2025-02-27 18:24:54.425 - collectorLogger - NeuroscanImplement.__read_data - INFO - 发送处理数据完毕
2025-02-27 18:24:54.430 - collectorLogger - NeuroscanImplement.__read_data - INFO - 发送处理数据完毕
2025-02-27 18:24:54.436 - collectorLogger - NeuroscanImplement.__read_data - INFO - 发送处理数据完毕
2025-02-27 18:24:54.439 - collectorLogger - NeuroscanImplement.__read_data - INFO - 发送处理数据完毕
2025-02-27 18:24:54.444 - collectorLogger - NeuroscanImplement.__read_data - INFO - 发送处理数据完毕
2025-02-27 18:24:54.450 - collectorLogger - NeuroscanImplement.__read_data - INFO - 发送处理数据完毕
2025-02-27 18:24:54.455 - collectorLogger - NeuroscanImplement.__read_data - INFO - 发送处理数据完毕
2025-02-27 18:24:54.458 - collectorLogger - NeuroscanImplement.__read_data - INFO - 发送处理数据完毕
2025-02-27 18:24:54.464 - collectorLogger - NeuroscanImplement.__read_data - INFO - 发送处理数据完毕
2025-02-27 18:24:54.468 - collectorLogger - NeuroscanImplement.__read_data - INFO - 发送处理数据完毕
2025-02-27 18:24:54.471 - collectorLogger - NeuroscanImplement.__read_data - INFO - 发送处理数据完毕
2025-02-27 18:24:54.474 - collectorLogger - NeuroscanImplement.__read_data - INFO - 发送处理数据完毕
2025-02-27 18:24:54.476 - collectorLogger - NeuroscanImplement.__read_data - INFO - 发送处理数据完毕
2025-02-27 18:24:54.479 - collectorLogger - NeuroscanImplement.__read_data - INFO - 发送处理数据完毕
2025-02-27 18:24:54.481 - collectorLogger - NeuroscanImplement.__read_data - INFO - 发送处理数据完毕
2025-02-27 18:24:54.486 - collectorLogger - NeuroscanImplement.__read_data - INFO - 发送处理数据完毕
2025-02-27 18:24:54.488 - collectorLogger - NeuroscanImplement.__read_data - INFO - 发送处理数据完毕
2025-02-27 18:24:54.490 - collectorLogger - NeuroscanImplement.__read_data - INFO - 发送处理数据完毕
2025-02-27 18:24:54.492 - collectorLogger - NeuroscanImplement.__read_data - INFO - 发送处理数据完毕
2025-02-27 18:24:54.497 - collectorLogger - NeuroscanImplement.__read_data - INFO - 发送处理数据完毕
2025-02-27 18:24:54.501 - collectorLogger - NeuroscanImplement.__read_data - INFO - 发送处理数据完毕
2025-02-27 18:24:55.101 - collectorLogger - NeuroscanImplement.__read_data - INFO - 发送处理数据完毕
2025-02-27 18:24:55.102 - collectorLogger - NeuroscanImplement.__read_data - INFO - 发送处理数据完毕
2025-02-27 18:24:55.118 - collectorLogger - NeuroscanImplement.__read_data - INFO - 发送处理数据完毕
2025-02-27 18:24:55.129 - collectorLogger - NeuroscanImplement.__read_data - INFO - 发送处理数据完毕
2025-02-27 18:24:55.131 - collectorLogger - NeuroscanImplement.__read_data - INFO - 发送处理数据完毕
2025-02-27 18:24:55.136 - collectorLogger - NeuroscanImplement.__read_data - INFO - 发送处理数据完毕
2025-02-27 18:24:55.138 - collectorLogger - NeuroscanImplement.__read_data - INFO - 发送处理数据完毕
2025-02-27 18:24:55.141 - collectorLogger - NeuroscanImplement.__read_data - INFO - 发送处理数据完毕
2025-02-27 18:24:55.143 - collectorLogger - NeuroscanImplement.__read_data - INFO - 发送处理数据完毕
2025-02-27 18:24:55.153 - collectorLogger - NeuroscanImplement.__read_data - INFO - 发送处理数据完毕
2025-02-27 18:24:55.179 - collectorLogger - NeuroscanImplement.__read_data - INFO - 发送处理数据完毕
2025-02-27 18:24:55.188 - collectorLogger - NeuroscanImplement.__read_data - INFO - 发送处理数据完毕
2025-02-27 18:24:55.192 - collectorLogger - NeuroscanImplement.__read_data - INFO - 发送处理数据完毕
2025-02-27 18:24:55.194 - collectorLogger - NeuroscanImplement.__read_data - INFO - 发送处理数据完毕
2025-02-27 18:24:55.197 - collectorLogger - NeuroscanImplement.__read_data - INFO - 发送处理数据完毕
2025-02-27 18:24:55.207 - collectorLogger - NeuroscanImplement.__read_data - INFO - 发送处理数据完毕
2025-02-27 18:24:55.215 - collectorLogger - NeuroscanImplement.__read_data - INFO - 发送处理数据完毕
2025-02-27 18:24:55.227 - collectorLogger - NeuroscanImplement.__read_data - INFO - 发送处理数据完毕
2025-02-27 18:24:55.229 - collectorLogger - NeuroscanImplement.__read_data - INFO - 发送处理数据完毕
2025-02-27 18:24:55.232 - collectorLogger - NeuroscanImplement.__read_data - INFO - 发送处理数据完毕
2025-02-27 18:24:55.236 - collectorLogger - NeuroscanImplement.__read_data - INFO - 发送处理数据完毕
2025-02-27 18:24:55.240 - collectorLogger - NeuroscanImplement.__read_data - INFO - 发送处理数据完毕
2025-02-27 18:24:55.242 - collectorLogger - NeuroscanImplement.__read_data - INFO - 发送处理数据完毕
2025-02-27 18:24:55.244 - collectorLogger - NeuroscanImplement.__read_data - INFO - 发送处理数据完毕
2025-02-27 18:24:55.247 - collectorLogger - NeuroscanImplement.__read_data - INFO - 发送处理数据完毕
2025-02-27 18:24:55.249 - collectorLogger - NeuroscanImplement.__read_data - INFO - 发送处理数据完毕
2025-02-27 18:24:55.263 - collectorLogger - NeuroscanImplement.__read_data - INFO - 发送处理数据完毕
2025-02-27 18:24:55.274 - collectorLogger - NeuroscanImplement.__read_data - INFO - 发送处理数据完毕
2025-02-27 18:24:55.276 - collectorLogger - NeuroscanImplement.__read_data - INFO - 发送处理数据完毕
2025-02-27 18:24:55.278 - collectorLogger - NeuroscanImplement.__read_data - INFO - 发送处理数据完毕
2025-02-27 18:24:55.279 - collectorLogger - NeuroscanImplement.__read_data - INFO - 发送处理数据完毕
2025-02-27 18:24:55.282 - collectorLogger - NeuroscanImplement.__read_data - INFO - 发送处理数据完毕
2025-02-27 18:24:55.284 - collectorLogger - NeuroscanImplement.__read_data - INFO - 发送处理数据完毕
2025-02-27 18:24:55.286 - collectorLogger - NeuroscanImplement.__read_data - INFO - 发送处理数据完毕
2025-02-27 18:24:55.288 - collectorLogger - NeuroscanImplement.__read_data - INFO - 发送处理数据完毕
2025-02-27 18:24:55.290 - collectorLogger - NeuroscanImplement.__read_data - INFO - 发送处理数据完毕
2025-02-27 18:24:55.293 - collectorLogger - NeuroscanImplement.__read_data - INFO - 发送处理数据完毕
2025-02-27 18:24:55.295 - collectorLogger - NeuroscanImplement.__read_data - INFO - 发送处理数据完毕
2025-02-27 18:24:55.314 - collectorLogger - NeuroscanImplement.__read_data - INFO - 发送处理数据完毕
2025-02-27 18:24:55.340 - collectorLogger - NeuroscanImplement.__read_data - INFO - 发送处理数据完毕
2025-02-27 18:24:55.370 - collectorLogger - NeuroscanImplement.__read_data - INFO - 发送处理数据完毕
2025-02-27 18:24:55.381 - collectorLogger - NeuroscanImplement.__read_data - INFO - 发送处理数据完毕
2025-02-27 18:24:55.392 - collectorLogger - NeuroscanImplement.__read_data - INFO - 发送处理数据完毕
2025-02-27 18:24:55.414 - collectorLogger - NeuroscanImplement.__read_data - INFO - 发送处理数据完毕
2025-02-27 18:24:55.416 - collectorLogger - NeuroscanImplement.__read_data - INFO - 发送处理数据完毕
2025-02-27 18:24:55.429 - collectorLogger - NeuroscanImplement.__read_data - INFO - 发送处理数据完毕
2025-02-27 18:24:55.438 - collectorLogger - NeuroscanImplement.__read_data - INFO - 发送处理数据完毕
2025-02-27 18:24:55.445 - collectorLogger - NeuroscanImplement.__read_data - INFO - 发送处理数据完毕
2025-02-27 18:24:55.446 - collectorLogger - NeuroscanImplement.__read_data - INFO - 发送处理数据完毕
2025-02-27 18:24:55.458 - collectorLogger - NeuroscanImplement.__read_data - INFO - 发送处理数据完毕
2025-02-27 18:24:55.509 - collectorLogger - NeuroscanImplement.__read_data - INFO - 发送处理数据完毕
2025-02-27 18:24:55.558 - collectorLogger - NeuroscanImplement.__read_data - INFO - 发送处理数据完毕
2025-02-27 18:24:55.570 - collectorLogger - NeuroscanImplement.__read_data - INFO - 发送处理数据完毕
2025-02-27 18:24:55.573 - collectorLogger - NeuroscanImplement.__read_data - INFO - 发送处理数据完毕
2025-02-27 18:24:55.575 - collectorLogger - NeuroscanImplement.__read_data - INFO - 发送处理数据完毕
2025-02-27 18:24:55.577 - collectorLogger - NeuroscanImplement.__read_data - INFO - 发送处理数据完毕
2025-02-27 18:24:55.579 - collectorLogger - NeuroscanImplement.__read_data - INFO - 发送处理数据完毕
2025-02-27 18:24:55.585 - collectorLogger - NeuroscanImplement.__read_data - INFO - 发送处理数据完毕
2025-02-27 18:24:55.588 - collectorLogger - NeuroscanImplement.__read_data - INFO - 发送处理数据完毕
2025-02-27 18:24:55.599 - collectorLogger - NeuroscanImplement.__read_data - INFO - 发送处理数据完毕
2025-02-27 18:24:55.605 - collectorLogger - NeuroscanImplement.__read_data - INFO - 发送处理数据完毕
2025-02-27 18:24:55.609 - collectorLogger - NeuroscanImplement.__read_data - INFO - 发送处理数据完毕
2025-02-27 18:24:55.620 - collectorLogger - NeuroscanImplement.__read_data - INFO - 发送处理数据完毕
2025-02-27 18:24:55.630 - collectorLogger - NeuroscanImplement.__read_data - INFO - 发送处理数据完毕
2025-02-27 18:24:55.639 - collectorLogger - NeuroscanImplement.__read_data - INFO - 发送处理数据完毕
2025-02-27 18:24:55.646 - collectorLogger - NeuroscanImplement.__read_data - INFO - 发送处理数据完毕
2025-02-27 18:24:55.649 - collectorLogger - NeuroscanImplement.__read_data - INFO - 发送处理数据完毕
2025-02-27 18:24:55.664 - collectorLogger - NeuroscanImplement.__read_data - INFO - 发送处理数据完毕
2025-02-27 18:24:55.672 - collectorLogger - NeuroscanImplement.__read_data - INFO - 发送处理数据完毕
2025-02-27 18:24:55.677 - collectorLogger - NeuroscanImplement.__read_data - INFO - 发送处理数据完毕
2025-02-27 18:24:55.681 - collectorLogger - NeuroscanImplement.__read_data - INFO - 发送处理数据完毕
2025-02-27 18:24:55.684 - collectorLogger - NeuroscanImplement.__read_data - INFO - 发送处理数据完毕
2025-02-27 18:24:55.687 - collectorLogger - NeuroscanImplement.__read_data - INFO - 发送处理数据完毕
2025-02-27 18:24:55.690 - collectorLogger - NeuroscanImplement.__read_data - INFO - 发送处理数据完毕
2025-02-27 18:24:55.694 - collectorLogger - NeuroscanImplement.__read_data - INFO - 发送处理数据完毕
2025-02-27 18:24:55.714 - collectorLogger - NeuroscanImplement.__read_data - INFO - 发送处理数据完毕
2025-02-27 18:24:55.722 - collectorLogger - NeuroscanImplement.__read_data - INFO - 发送处理数据完毕
2025-02-27 18:24:55.726 - collectorLogger - NeuroscanImplement.__read_data - INFO - 发送处理数据完毕
2025-02-27 18:24:55.729 - collectorLogger - NeuroscanImplement.__read_data - INFO - 发送处理数据完毕
2025-02-27 18:24:55.732 - collectorLogger - NeuroscanImplement.__read_data - INFO - 发送处理数据完毕
2025-02-27 18:24:55.735 - collectorLogger - NeuroscanImplement.__read_data - INFO - 发送处理数据完毕
2025-02-27 18:24:55.737 - collectorLogger - NeuroscanImplement.__read_data - INFO - 发送处理数据完毕
2025-02-27 18:24:55.740 - collectorLogger - NeuroscanImplement.__read_data - INFO - 发送处理数据完毕
2025-02-27 18:24:55.742 - collectorLogger - NeuroscanImplement.__read_data - INFO - 发送处理数据完毕
2025-02-27 18:24:55.746 - collectorLogger - NeuroscanImplement.__read_data - INFO - 发送处理数据完毕
2025-02-27 18:24:55.748 - collectorLogger - NeuroscanImplement.__read_data - INFO - 发送处理数据完毕
2025-02-27 18:24:55.751 - collectorLogger - NeuroscanImplement.__read_data - INFO - 发送处理数据完毕
2025-02-27 18:24:55.755 - collectorLogger - NeuroscanImplement.__read_data - INFO - 发送处理数据完毕
2025-02-27 18:24:55.758 - collectorLogger - NeuroscanImplement.__read_data - INFO - 发送处理数据完毕
2025-02-27 18:24:55.761 - collectorLogger - NeuroscanImplement.__read_data - INFO - 发送处理数据完毕
2025-02-27 18:24:55.766 - collectorLogger - NeuroscanImplement.__read_data - INFO - 发送处理数据完毕
2025-02-27 18:24:55.770 - collectorLogger - NeuroscanImplement.__read_data - INFO - 发送处理数据完毕
2025-02-27 18:24:55.773 - collectorLogger - NeuroscanImplement.__read_data - INFO - 发送处理数据完毕
2025-02-27 18:24:55.779 - collectorLogger - NeuroscanImplement.__read_data - INFO - 发送处理数据完毕
2025-02-27 18:24:55.790 - collectorLogger - NeuroscanImplement.__read_data - INFO - 发送处理数据完毕
2025-02-27 18:24:55.795 - collectorLogger - NeuroscanImplement.__read_data - INFO - 发送处理数据完毕
2025-02-27 18:24:55.797 - collectorLogger - NeuroscanImplement.__read_data - INFO - 发送处理数据完毕
2025-02-27 18:24:55.803 - collectorLogger - NeuroscanImplement.__read_data - INFO - 发送处理数据完毕
2025-02-27 18:24:55.806 - collectorLogger - NeuroscanImplement.__read_data - INFO - 发送处理数据完毕
2025-02-27 18:24:55.810 - collectorLogger - NeuroscanImplement.__read_data - INFO - 发送处理数据完毕
2025-02-27 18:24:55.820 - collectorLogger - NeuroscanImplement.__read_data - INFO - 发送处理数据完毕
2025-02-27 18:24:55.823 - collectorLogger - NeuroscanImplement.__read_data - INFO - 发送处理数据完毕
2025-02-27 18:24:55.827 - collectorLogger - NeuroscanImplement.__read_data - INFO - 发送处理数据完毕
2025-02-27 18:24:55.829 - collectorLogger - NeuroscanImplement.__read_data - INFO - 发送处理数据完毕
2025-02-27 18:24:55.831 - collectorLogger - NeuroscanImplement.__read_data - INFO - 发送处理数据完毕
2025-02-27 18:24:55.833 - collectorLogger - NeuroscanImplement.__read_data - INFO - 发送处理数据完毕
2025-02-27 18:24:55.836 - collectorLogger - NeuroscanImplement.__read_data - INFO - 发送处理数据完毕
2025-02-27 18:24:55.840 - collectorLogger - NeuroscanImplement.__read_data - INFO - 发送处理数据完毕
2025-02-27 18:24:55.846 - collectorLogger - NeuroscanImplement.__read_data - INFO - 发送处理数据完毕
2025-02-27 18:24:55.851 - collectorLogger - NeuroscanImplement.__read_data - INFO - 发送处理数据完毕
2025-02-27 18:24:55.861 - collectorLogger - NeuroscanImplement.__read_data - INFO - 发送处理数据完毕
2025-02-27 18:24:55.864 - collectorLogger - NeuroscanImplement.__read_data - INFO - 发送处理数据完毕
2025-02-27 18:24:55.868 - collectorLogger - NeuroscanImplement.__read_data - INFO - 发送处理数据完毕
2025-02-27 18:24:55.875 - collectorLogger - NeuroscanImplement.__read_data - INFO - 发送处理数据完毕
2025-02-27 18:24:55.882 - collectorLogger - NeuroscanImplement.__read_data - INFO - 发送处理数据完毕
2025-02-27 18:24:55.885 - collectorLogger - NeuroscanImplement.__read_data - INFO - 发送处理数据完毕
2025-02-27 18:24:55.887 - collectorLogger - NeuroscanImplement.__read_data - INFO - 发送处理数据完毕
2025-02-27 18:24:55.899 - collectorLogger - NeuroscanImplement.__read_data - INFO - 发送处理数据完毕
2025-02-27 18:24:55.903 - collectorLogger - NeuroscanImplement.__read_data - INFO - 发送处理数据完毕
2025-02-27 18:24:55.905 - collectorLogger - NeuroscanImplement.__read_data - INFO - 发送处理数据完毕
2025-02-27 18:24:55.910 - collectorLogger - NeuroscanImplement.__read_data - INFO - 发送处理数据完毕
2025-02-27 18:24:55.913 - collectorLogger - NeuroscanImplement.__read_data - INFO - 发送处理数据完毕
2025-02-27 18:24:55.916 - collectorLogger - NeuroscanImplement.__read_data - INFO - 发送处理数据完毕
2025-02-27 18:24:55.922 - collectorLogger - NeuroscanImplement.__read_data - INFO - 发送处理数据完毕
2025-02-27 18:24:55.925 - collectorLogger - NeuroscanImplement.__read_data - INFO - 发送处理数据完毕
2025-02-27 18:24:55.927 - collectorLogger - NeuroscanImplement.__read_data - INFO - 发送处理数据完毕
2025-02-27 18:24:55.938 - collectorLogger - NeuroscanImplement.__read_data - INFO - 发送处理数据完毕
2025-02-27 18:24:55.940 - collectorLogger - NeuroscanImplement.__read_data - INFO - 发送处理数据完毕
2025-02-27 18:24:55.943 - collectorLogger - NeuroscanImplement.__read_data - INFO - 发送处理数据完毕
2025-02-27 18:24:55.945 - collectorLogger - NeuroscanImplement.__read_data - INFO - 发送处理数据完毕
2025-02-27 18:24:55.946 - collectorLogger - NeuroscanImplement.__read_data - INFO - 发送处理数据完毕
2025-02-27 18:24:55.948 - collectorLogger - NeuroscanImplement.__read_data - INFO - 发送处理数据完毕
2025-02-27 18:24:55.950 - collectorLogger - NeuroscanImplement.__read_data - INFO - 发送处理数据完毕
2025-02-27 18:24:55.952 - collectorLogger - NeuroscanImplement.__read_data - INFO - 发送处理数据完毕
2025-02-27 18:24:55.954 - collectorLogger - NeuroscanImplement.__read_data - INFO - 发送处理数据完毕
2025-02-27 18:24:55.959 - collectorLogger - NeuroscanImplement.__read_data - INFO - 发送处理数据完毕
2025-02-27 18:24:55.961 - collectorLogger - NeuroscanImplement.__read_data - INFO - 发送处理数据完毕
2025-02-27 18:24:55.962 - collectorLogger - NeuroscanImplement.__read_data - INFO - 发送处理数据完毕
2025-02-27 18:24:55.966 - collectorLogger - NeuroscanImplement.__read_data - INFO - 发送处理数据完毕
2025-02-27 18:24:55.970 - collectorLogger - NeuroscanImplement.__read_data - INFO - 发送处理数据完毕
2025-02-27 18:24:55.974 - collectorLogger - NeuroscanImplement.__read_data - INFO - 发送处理数据完毕
2025-02-27 18:24:55.976 - collectorLogger - NeuroscanImplement.__read_data - INFO - 发送处理数据完毕
2025-02-27 18:24:55.978 - collectorLogger - NeuroscanImplement.__read_data - INFO - 发送处理数据完毕
2025-02-27 18:24:55.980 - collectorLogger - NeuroscanImplement.__read_data - INFO - 发送处理数据完毕
2025-02-27 18:24:55.981 - collectorLogger - NeuroscanImplement.__read_data - INFO - 发送处理数据完毕
2025-02-27 18:24:55.985 - collectorLogger - NeuroscanImplement.__read_data - INFO - 发送处理数据完毕
2025-02-27 18:24:55.990 - collectorLogger - NeuroscanImplement.__read_data - INFO - 发送处理数据完毕
2025-02-27 18:24:55.992 - collectorLogger - NeuroscanImplement.__read_data - INFO - 发送处理数据完毕
2025-02-27 18:24:55.994 - collectorLogger - NeuroscanImplement.__read_data - INFO - 发送处理数据完毕
2025-02-27 18:24:55.997 - collectorLogger - NeuroscanImplement.__read_data - INFO - 发送处理数据完毕
2025-02-27 18:24:56.001 - collectorLogger - NeuroscanImplement.__read_data - INFO - 发送处理数据完毕
2025-02-27 18:24:56.003 - collectorLogger - NeuroscanImplement.__read_data - INFO - 发送处理数据完毕
2025-02-27 18:24:56.004 - collectorLogger - NeuroscanImplement.__read_data - INFO - 发送处理数据完毕
2025-02-27 18:24:56.010 - collectorLogger - NeuroscanImplement.__read_data - INFO - 发送处理数据完毕
2025-02-27 18:24:56.013 - collectorLogger - NeuroscanImplement.__read_data - INFO - 发送处理数据完毕
2025-02-27 18:24:56.023 - collectorLogger - NeuroscanImplement.__read_data - INFO - 发送处理数据完毕
2025-02-27 18:24:56.027 - collectorLogger - NeuroscanImplement.__read_data - INFO - 发送处理数据完毕
2025-02-27 18:24:56.029 - collectorLogger - NeuroscanImplement.__read_data - INFO - 发送处理数据完毕
2025-02-27 18:24:56.031 - collectorLogger - NeuroscanImplement.__read_data - INFO - 发送处理数据完毕
2025-02-27 18:24:56.034 - collectorLogger - NeuroscanImplement.__read_data - INFO - 发送处理数据完毕
2025-02-27 18:24:56.037 - collectorLogger - NeuroscanImplement.__read_data - INFO - 发送处理数据完毕
2025-02-27 18:24:56.041 - collectorLogger - NeuroscanImplement.__read_data - INFO - 发送处理数据完毕
2025-02-27 18:24:56.043 - collectorLogger - NeuroscanImplement.__read_data - INFO - 发送处理数据完毕
2025-02-27 18:24:56.045 - collectorLogger - NeuroscanImplement.__read_data - INFO - 发送处理数据完毕
2025-02-27 18:24:56.047 - collectorLogger - NeuroscanImplement.__read_data - INFO - 发送处理数据完毕
2025-02-27 18:24:56.071 - collectorLogger - NeuroscanImplement.__read_data - INFO - 发送处理数据完毕
2025-02-27 18:24:56.073 - collectorLogger - NeuroscanImplement.__read_data - INFO - 发送处理数据完毕
2025-02-27 18:24:56.075 - collectorLogger - NeuroscanImplement.__read_data - INFO - 发送处理数据完毕
2025-02-27 18:24:56.078 - collectorLogger - NeuroscanImplement.__read_data - INFO - 发送处理数据完毕
2025-02-27 18:24:56.080 - collectorLogger - NeuroscanImplement.__read_data - INFO - 发送处理数据完毕
2025-02-27 18:24:56.082 - collectorLogger - NeuroscanImplement.__read_data - INFO - 发送处理数据完毕
2025-02-27 18:24:56.085 - collectorLogger - NeuroscanImplement.__read_data - INFO - 发送处理数据完毕
2025-02-27 18:24:56.088 - collectorLogger - NeuroscanImplement.__read_data - INFO - 发送处理数据完毕
2025-02-27 18:24:56.090 - collectorLogger - NeuroscanImplement.__read_data - INFO - 发送处理数据完毕
2025-02-27 18:24:56.093 - collectorLogger - NeuroscanImplement.__read_data - INFO - 发送处理数据完毕
2025-02-27 18:24:56.096 - collectorLogger - NeuroscanImplement.__read_data - INFO - 发送处理数据完毕
2025-02-27 18:24:56.104 - collectorLogger - NeuroscanImplement.__read_data - INFO - 发送处理数据完毕
2025-02-27 18:24:56.115 - collectorLogger - NeuroscanImplement.__read_data - INFO - 发送处理数据完毕
2025-02-27 18:24:56.121 - collectorLogger - NeuroscanImplement.__read_data - INFO - 发送处理数据完毕
2025-02-27 18:24:56.123 - collectorLogger - NeuroscanImplement.__read_data - INFO - 发送处理数据完毕
2025-02-27 18:24:56.125 - collectorLogger - NeuroscanImplement.__read_data - INFO - 发送处理数据完毕
2025-02-27 18:24:56.126 - collectorLogger - NeuroscanImplement.__read_data - INFO - 发送处理数据完毕
2025-02-27 18:24:56.128 - collectorLogger - NeuroscanImplement.__read_data - INFO - 发送处理数据完毕
2025-02-27 18:24:56.130 - collectorLogger - NeuroscanImplement.__read_data - INFO - 发送处理数据完毕
2025-02-27 18:24:56.135 - collectorLogger - NeuroscanImplement.__read_data - INFO - 发送处理数据完毕
2025-02-27 18:24:56.139 - collectorLogger - NeuroscanImplement.__read_data - INFO - 发送处理数据完毕
2025-02-27 18:24:56.141 - collectorLogger - NeuroscanImplement.__read_data - INFO - 发送处理数据完毕
2025-02-27 18:24:56.144 - collectorLogger - NeuroscanImplement.__read_data - INFO - 发送处理数据完毕
2025-02-27 18:24:56.146 - collectorLogger - NeuroscanImplement.__read_data - INFO - 发送处理数据完毕
2025-02-27 18:24:56.149 - collectorLogger - NeuroscanImplement.__read_data - INFO - 发送处理数据完毕
2025-02-27 18:24:56.151 - collectorLogger - NeuroscanImplement.__read_data - INFO - 发送处理数据完毕
2025-02-27 18:24:56.154 - collectorLogger - NeuroscanImplement.__read_data - INFO - 发送处理数据完毕
2025-02-27 18:24:56.157 - collectorLogger - NeuroscanImplement.__read_data - INFO - 发送处理数据完毕
2025-02-27 18:24:56.160 - collectorLogger - NeuroscanImplement.__read_data - INFO - 发送处理数据完毕
2025-02-27 18:24:56.164 - collectorLogger - NeuroscanImplement.__read_data - INFO - 发送处理数据完毕
2025-02-27 18:24:56.166 - collectorLogger - NeuroscanImplement.__read_data - INFO - 发送处理数据完毕
2025-02-27 18:24:56.168 - collectorLogger - NeuroscanImplement.__read_data - INFO - 发送处理数据完毕
2025-02-27 18:24:56.171 - collectorLogger - NeuroscanImplement.__read_data - INFO - 发送处理数据完毕
2025-02-27 18:24:56.173 - collectorLogger - NeuroscanImplement.__read_data - INFO - 发送处理数据完毕
2025-02-27 18:24:56.175 - collectorLogger - NeuroscanImplement.__read_data - INFO - 发送处理数据完毕
2025-02-27 18:24:56.178 - collectorLogger - NeuroscanImplement.__read_data - INFO - 发送处理数据完毕
2025-02-27 18:24:56.181 - collectorLogger - NeuroscanImplement.__read_data - INFO - 发送处理数据完毕
2025-02-27 18:24:56.184 - collectorLogger - NeuroscanImplement.__read_data - INFO - 发送处理数据完毕
2025-02-27 18:24:56.189 - collectorLogger - NeuroscanImplement.__read_data - INFO - 发送处理数据完毕
2025-02-27 18:24:56.196 - collectorLogger - NeuroscanImplement.__read_data - INFO - 发送处理数据完毕
2025-02-27 18:24:56.199 - collectorLogger - NeuroscanImplement.__read_data - INFO - 发送处理数据完毕
2025-02-27 18:24:56.212 - collectorLogger - NeuroscanImplement.__read_data - INFO - 发送处理数据完毕
2025-02-27 18:24:56.215 - collectorLogger - NeuroscanImplement.__read_data - INFO - 发送处理数据完毕
2025-02-27 18:24:56.220 - collectorLogger - NeuroscanImplement.__read_data - INFO - 发送处理数据完毕
2025-02-27 18:24:56.234 - collectorLogger - NeuroscanImplement.__read_data - INFO - 发送处理数据完毕
2025-02-27 18:24:56.242 - collectorLogger - NeuroscanImplement.__read_data - INFO - 发送处理数据完毕
2025-02-27 18:24:56.245 - collectorLogger - NeuroscanImplement.__read_data - INFO - 发送处理数据完毕
2025-02-27 18:24:56.248 - collectorLogger - NeuroscanImplement.__read_data - INFO - 发送处理数据完毕
2025-02-27 18:24:56.250 - collectorLogger - NeuroscanImplement.__read_data - INFO - 发送处理数据完毕
2025-02-27 18:24:56.255 - collectorLogger - NeuroscanImplement.__read_data - INFO - 发送处理数据完毕
2025-02-27 18:24:56.259 - collectorLogger - NeuroscanImplement.__read_data - INFO - 发送处理数据完毕
2025-02-27 18:24:56.262 - collectorLogger - NeuroscanImplement.__read_data - INFO - 发送处理数据完毕
2025-02-27 18:24:56.265 - collectorLogger - NeuroscanImplement.__read_data - INFO - 发送处理数据完毕
2025-02-27 18:24:56.270 - collectorLogger - NeuroscanImplement.__read_data - INFO - 发送处理数据完毕
2025-02-27 18:24:56.276 - collectorLogger - NeuroscanImplement.__read_data - INFO - 发送处理数据完毕
2025-02-27 18:24:56.279 - collectorLogger - NeuroscanImplement.__read_data - INFO - 发送处理数据完毕
2025-02-27 18:24:56.283 - collectorLogger - NeuroscanImplement.__read_data - INFO - 发送处理数据完毕
2025-02-27 18:24:56.287 - collectorLogger - NeuroscanImplement.__read_data - INFO - 发送处理数据完毕
2025-02-27 18:24:56.291 - collectorLogger - NeuroscanImplement.__read_data - INFO - 发送处理数据完毕
2025-02-27 18:24:56.294 - collectorLogger - NeuroscanImplement.__read_data - INFO - 发送处理数据完毕
2025-02-27 18:24:56.297 - collectorLogger - NeuroscanImplement.__read_data - INFO - 发送处理数据完毕
2025-02-27 18:24:56.300 - collectorLogger - NeuroscanImplement.__read_data - INFO - 发送处理数据完毕
2025-02-27 18:24:56.303 - collectorLogger - NeuroscanImplement.__read_data - INFO - 发送处理数据完毕
2025-02-27 18:24:56.309 - collectorLogger - NeuroscanImplement.__read_data - INFO - 发送处理数据完毕
2025-02-27 18:24:56.313 - collectorLogger - NeuroscanImplement.__read_data - INFO - 发送处理数据完毕
2025-02-27 18:24:56.316 - collectorLogger - NeuroscanImplement.__read_data - INFO - 发送处理数据完毕
2025-02-27 18:24:56.318 - collectorLogger - NeuroscanImplement.__read_data - INFO - 发送处理数据完毕
2025-02-27 18:24:56.322 - collectorLogger - NeuroscanImplement.__read_data - INFO - 发送处理数据完毕
2025-02-27 18:24:56.325 - collectorLogger - NeuroscanImplement.__read_data - INFO - 发送处理数据完毕
2025-02-27 18:24:56.328 - collectorLogger - NeuroscanImplement.__read_data - INFO - 发送处理数据完毕
2025-02-27 18:24:56.331 - collectorLogger - NeuroscanImplement.__read_data - INFO - 发送处理数据完毕
2025-02-27 18:24:56.333 - collectorLogger - NeuroscanImplement.__read_data - INFO - 发送处理数据完毕
2025-02-27 18:24:56.338 - collectorLogger - NeuroscanImplement.__read_data - INFO - 发送处理数据完毕
2025-02-27 18:24:56.341 - collectorLogger - NeuroscanImplement.__read_data - INFO - 发送处理数据完毕
2025-02-27 18:24:56.343 - collectorLogger - NeuroscanImplement.__read_data - INFO - 发送处理数据完毕
2025-02-27 18:24:56.346 - collectorLogger - NeuroscanImplement.__read_data - INFO - 发送处理数据完毕
2025-02-27 18:24:56.348 - collectorLogger - NeuroscanImplement.__read_data - INFO - 发送处理数据完毕
2025-02-27 18:24:56.351 - collectorLogger - NeuroscanImplement.__read_data - INFO - 发送处理数据完毕
2025-02-27 18:24:56.356 - collectorLogger - NeuroscanImplement.__read_data - INFO - 发送处理数据完毕
2025-02-27 18:24:56.358 - collectorLogger - NeuroscanImplement.__read_data - INFO - 发送处理数据完毕
2025-02-27 18:24:56.360 - collectorLogger - NeuroscanImplement.__read_data - INFO - 发送处理数据完毕
2025-02-27 18:24:56.363 - collectorLogger - NeuroscanImplement.__read_data - INFO - 发送处理数据完毕
2025-02-27 18:24:56.364 - collectorLogger - NeuroscanImplement.__read_data - INFO - 发送处理数据完毕
2025-02-27 18:24:56.367 - collectorLogger - NeuroscanImplement.__read_data - INFO - 发送处理数据完毕
2025-02-27 18:24:56.370 - collectorLogger - NeuroscanImplement.__read_data - INFO - 发送处理数据完毕
2025-02-27 18:24:56.373 - collectorLogger - NeuroscanImplement.__read_data - INFO - 发送处理数据完毕
2025-02-27 18:24:56.375 - collectorLogger - NeuroscanImplement.__read_data - INFO - 发送处理数据完毕
2025-02-27 18:24:57.171 - collectorLogger - NeuroscanImplement.__read_data - INFO - 发送处理数据完毕
2025-02-27 18:24:57.174 - collectorLogger - NeuroscanImplement.__read_data - INFO - 发送处理数据完毕
2025-02-27 18:24:57.177 - collectorLogger - NeuroscanImplement.__read_data - INFO - 发送处理数据完毕
2025-02-27 18:24:57.180 - collectorLogger - NeuroscanImplement.__read_data - INFO - 发送处理数据完毕
2025-02-27 18:24:57.182 - collectorLogger - NeuroscanImplement.__read_data - INFO - 发送处理数据完毕
2025-02-27 18:24:57.184 - collectorLogger - NeuroscanImplement.__read_data - INFO - 发送处理数据完毕
2025-02-27 18:24:57.187 - collectorLogger - NeuroscanImplement.__read_data - INFO - 发送处理数据完毕
2025-02-27 18:24:57.189 - collectorLogger - NeuroscanImplement.__read_data - INFO - 发送处理数据完毕
2025-02-27 18:24:57.191 - collectorLogger - NeuroscanImplement.__read_data - INFO - 发送处理数据完毕
2025-02-27 18:24:57.194 - collectorLogger - NeuroscanImplement.__read_data - INFO - 发送处理数据完毕
2025-02-27 18:24:57.195 - collectorLogger - NeuroscanImplement.__read_data - INFO - 发送处理数据完毕
2025-02-27 18:24:57.198 - collectorLogger - NeuroscanImplement.__read_data - INFO - 发送处理数据完毕
2025-02-27 18:24:57.199 - collectorLogger - NeuroscanImplement.__read_data - INFO - 发送处理数据完毕
2025-02-27 18:24:57.202 - collectorLogger - NeuroscanImplement.__read_data - INFO - 发送处理数据完毕
2025-02-27 18:24:57.204 - collectorLogger - NeuroscanImplement.__read_data - INFO - 发送处理数据完毕
2025-02-27 18:24:57.205 - collectorLogger - NeuroscanImplement.__read_data - INFO - 发送处理数据完毕
2025-02-27 18:24:57.208 - collectorLogger - NeuroscanImplement.__read_data - INFO - 发送处理数据完毕
2025-02-27 18:24:57.211 - collectorLogger - NeuroscanImplement.__read_data - INFO - 发送处理数据完毕
2025-02-27 18:24:57.212 - collectorLogger - NeuroscanImplement.__read_data - INFO - 发送处理数据完毕
2025-02-27 18:24:57.221 - collectorLogger - NeuroscanImplement.__read_data - INFO - 发送处理数据完毕
2025-02-27 18:24:57.223 - collectorLogger - NeuroscanImplement.__read_data - INFO - 发送处理数据完毕
2025-02-27 18:24:57.225 - collectorLogger - NeuroscanImplement.__read_data - INFO - 发送处理数据完毕
2025-02-27 18:24:57.230 - collectorLogger - NeuroscanImplement.__read_data - INFO - 发送处理数据完毕
2025-02-27 18:24:57.232 - collectorLogger - NeuroscanImplement.__read_data - INFO - 发送处理数据完毕
2025-02-27 18:24:57.236 - collectorLogger - NeuroscanImplement.__read_data - INFO - 发送处理数据完毕
2025-02-27 18:24:57.238 - collectorLogger - NeuroscanImplement.__read_data - INFO - 发送处理数据完毕
2025-02-27 18:24:57.241 - collectorLogger - NeuroscanImplement.__read_data - INFO - 发送处理数据完毕
2025-02-27 18:24:57.242 - collectorLogger - NeuroscanImplement.__read_data - INFO - 发送处理数据完毕
2025-02-27 18:24:57.244 - collectorLogger - NeuroscanImplement.__read_data - INFO - 发送处理数据完毕
2025-02-27 18:24:57.246 - collectorLogger - NeuroscanImplement.__read_data - INFO - 发送处理数据完毕
2025-02-27 18:24:57.247 - collectorLogger - NeuroscanImplement.__read_data - INFO - 发送处理数据完毕
2025-02-27 18:24:57.249 - collectorLogger - NeuroscanImplement.__read_data - INFO - 发送处理数据完毕
2025-02-27 18:24:57.250 - collectorLogger - NeuroscanImplement.__read_data - INFO - 发送处理数据完毕
2025-02-27 18:24:57.253 - collectorLogger - NeuroscanImplement.__read_data - INFO - 发送处理数据完毕
2025-02-27 18:24:57.254 - collectorLogger - NeuroscanImplement.__read_data - INFO - 发送处理数据完毕
2025-02-27 18:24:57.256 - collectorLogger - NeuroscanImplement.__read_data - INFO - 发送处理数据完毕
2025-02-27 18:24:57.257 - collectorLogger - NeuroscanImplement.__read_data - INFO - 发送处理数据完毕
2025-02-27 18:24:57.259 - collectorLogger - NeuroscanImplement.__read_data - INFO - 发送处理数据完毕
2025-02-27 18:24:57.260 - collectorLogger - NeuroscanImplement.__read_data - INFO - 发送处理数据完毕
2025-02-27 18:24:57.262 - collectorLogger - NeuroscanImplement.__read_data - INFO - 发送处理数据完毕
2025-02-27 18:24:57.263 - collectorLogger - NeuroscanImplement.__read_data - INFO - 发送处理数据完毕
2025-02-27 18:24:57.264 - collectorLogger - NeuroscanImplement.__read_data - INFO - 发送处理数据完毕
2025-02-27 18:24:57.266 - collectorLogger - NeuroscanImplement.__read_data - INFO - 发送处理数据完毕
2025-02-27 18:24:57.267 - collectorLogger - NeuroscanImplement.__read_data - INFO - 发送处理数据完毕
2025-02-27 18:24:57.269 - collectorLogger - NeuroscanImplement.__read_data - INFO - 发送处理数据完毕
2025-02-27 18:24:57.270 - collectorLogger - NeuroscanImplement.__read_data - INFO - 发送处理数据完毕
2025-02-27 18:24:57.271 - collectorLogger - NeuroscanImplement.__read_data - INFO - 发送处理数据完毕
2025-02-27 18:24:57.273 - collectorLogger - NeuroscanImplement.__read_data - INFO - 发送处理数据完毕
2025-02-27 18:24:57.274 - collectorLogger - NeuroscanImplement.__read_data - INFO - 发送处理数据完毕
2025-02-27 18:24:57.275 - collectorLogger - NeuroscanImplement.__read_data - INFO - 发送处理数据完毕
2025-02-27 18:24:57.277 - collectorLogger - NeuroscanImplement.__read_data - INFO - 发送处理数据完毕
2025-02-27 18:24:57.278 - collectorLogger - NeuroscanImplement.__read_data - INFO - 发送处理数据完毕
2025-02-27 18:24:57.279 - collectorLogger - NeuroscanImplement.__read_data - INFO - 发送处理数据完毕
2025-02-27 18:24:57.281 - collectorLogger - NeuroscanImplement.__read_data - INFO - 发送处理数据完毕
2025-02-27 18:24:57.282 - collectorLogger - NeuroscanImplement.__read_data - INFO - 发送处理数据完毕
2025-02-27 18:24:57.283 - collectorLogger - NeuroscanImplement.__read_data - INFO - 发送处理数据完毕
2025-02-27 18:24:57.285 - collectorLogger - NeuroscanImplement.__read_data - INFO - 发送处理数据完毕
2025-02-27 18:24:57.286 - collectorLogger - NeuroscanImplement.__read_data - INFO - 发送处理数据完毕
2025-02-27 18:24:57.288 - collectorLogger - NeuroscanImplement.__read_data - INFO - 发送处理数据完毕
2025-02-27 18:24:57.289 - collectorLogger - NeuroscanImplement.__read_data - INFO - 发送处理数据完毕
2025-02-27 18:24:57.290 - collectorLogger - NeuroscanImplement.__read_data - INFO - 发送处理数据完毕
2025-02-27 18:24:57.292 - collectorLogger - NeuroscanImplement.__read_data - INFO - 发送处理数据完毕
2025-02-27 18:24:57.293 - collectorLogger - NeuroscanImplement.__read_data - INFO - 发送处理数据完毕
2025-02-27 18:24:57.294 - collectorLogger - NeuroscanImplement.__read_data - INFO - 发送处理数据完毕
2025-02-27 18:24:57.295 - collectorLogger - NeuroscanImplement.__read_data - INFO - 发送处理数据完毕
2025-02-27 18:24:57.297 - collectorLogger - NeuroscanImplement.__read_data - INFO - 发送处理数据完毕
2025-02-27 18:24:57.298 - collectorLogger - NeuroscanImplement.__read_data - INFO - 发送处理数据完毕
2025-02-27 18:24:57.299 - collectorLogger - NeuroscanImplement.__read_data - INFO - 发送处理数据完毕
2025-02-27 18:24:57.301 - collectorLogger - NeuroscanImplement.__read_data - INFO - 发送处理数据完毕
2025-02-27 18:24:57.302 - collectorLogger - NeuroscanImplement.__read_data - INFO - 发送处理数据完毕
2025-02-27 18:24:57.303 - collectorLogger - NeuroscanImplement.__read_data - INFO - 发送处理数据完毕
2025-02-27 18:24:57.305 - collectorLogger - NeuroscanImplement.__read_data - INFO - 发送处理数据完毕
2025-02-27 18:24:57.306 - collectorLogger - NeuroscanImplement.__read_data - INFO - 发送处理数据完毕
2025-02-27 18:24:57.307 - collectorLogger - NeuroscanImplement.__read_data - INFO - 发送处理数据完毕
2025-02-27 18:24:57.308 - collectorLogger - NeuroscanImplement.__read_data - INFO - 发送处理数据完毕
2025-02-27 18:24:57.310 - collectorLogger - NeuroscanImplement.__read_data - INFO - 发送处理数据完毕
2025-02-27 18:24:57.311 - collectorLogger - NeuroscanImplement.__read_data - INFO - 发送处理数据完毕
2025-02-27 18:24:57.312 - collectorLogger - NeuroscanImplement.__read_data - INFO - 发送处理数据完毕
2025-02-27 18:24:57.314 - collectorLogger - NeuroscanImplement.__read_data - INFO - 发送处理数据完毕
2025-02-27 18:24:57.315 - collectorLogger - NeuroscanImplement.__read_data - INFO - 发送处理数据完毕
2025-02-27 18:24:57.316 - collectorLogger - NeuroscanImplement.__read_data - INFO - 发送处理数据完毕
2025-02-27 18:24:57.318 - collectorLogger - NeuroscanImplement.__read_data - INFO - 发送处理数据完毕
2025-02-27 18:24:57.319 - collectorLogger - NeuroscanImplement.__read_data - INFO - 发送处理数据完毕
2025-02-27 18:24:57.320 - collectorLogger - NeuroscanImplement.__read_data - INFO - 发送处理数据完毕
2025-02-27 18:24:57.322 - collectorLogger - NeuroscanImplement.__read_data - INFO - 发送处理数据完毕
2025-02-27 18:24:57.323 - collectorLogger - NeuroscanImplement.__read_data - INFO - 发送处理数据完毕
2025-02-27 18:24:57.324 - collectorLogger - NeuroscanImplement.__read_data - INFO - 发送处理数据完毕
2025-02-27 18:24:57.326 - collectorLogger - NeuroscanImplement.__read_data - INFO - 发送处理数据完毕
2025-02-27 18:24:57.327 - collectorLogger - NeuroscanImplement.__read_data - INFO - 发送处理数据完毕
2025-02-27 18:24:57.328 - collectorLogger - NeuroscanImplement.__read_data - INFO - 发送处理数据完毕
2025-02-27 18:24:57.330 - collectorLogger - NeuroscanImplement.__read_data - INFO - 发送处理数据完毕
2025-02-27 18:24:57.331 - collectorLogger - NeuroscanImplement.__read_data - INFO - 发送处理数据完毕
2025-02-27 18:24:57.332 - collectorLogger - NeuroscanImplement.__read_data - INFO - 发送处理数据完毕
2025-02-27 18:24:57.339 - collectorLogger - NeuroscanImplement.__read_data - INFO - 发送处理数据完毕
2025-02-27 18:24:57.341 - collectorLogger - NeuroscanImplement.__read_data - INFO - 发送处理数据完毕
2025-02-27 18:24:57.342 - collectorLogger - NeuroscanImplement.__read_data - INFO - 发送处理数据完毕
2025-02-27 18:24:57.344 - collectorLogger - NeuroscanImplement.__read_data - INFO - 发送处理数据完毕
2025-02-27 18:24:57.345 - collectorLogger - NeuroscanImplement.__read_data - INFO - 发送处理数据完毕
2025-02-27 18:24:57.346 - collectorLogger - NeuroscanImplement.__read_data - INFO - 发送处理数据完毕
2025-02-27 18:24:57.347 - collectorLogger - NeuroscanImplement.__read_data - INFO - 发送处理数据完毕
2025-02-27 18:24:57.349 - collectorLogger - NeuroscanImplement.__read_data - INFO - 发送处理数据完毕
2025-02-27 18:24:57.350 - collectorLogger - NeuroscanImplement.__read_data - INFO - 发送处理数据完毕
2025-02-27 18:24:57.352 - collectorLogger - NeuroscanImplement.__read_data - INFO - 发送处理数据完毕
2025-02-27 18:24:57.353 - collectorLogger - NeuroscanImplement.__read_data - INFO - 发送处理数据完毕
2025-02-27 18:24:57.355 - collectorLogger - NeuroscanImplement.__read_data - INFO - 发送处理数据完毕
2025-02-27 18:24:57.357 - collectorLogger - NeuroscanImplement.__read_data - INFO - 发送处理数据完毕
2025-02-27 18:24:57.358 - collectorLogger - NeuroscanImplement.__read_data - INFO - 发送处理数据完毕
2025-02-27 18:24:57.360 - collectorLogger - NeuroscanImplement.__read_data - INFO - 发送处理数据完毕
2025-02-27 18:24:57.362 - collectorLogger - NeuroscanImplement.__read_data - INFO - 发送处理数据完毕
2025-02-27 18:24:57.363 - collectorLogger - NeuroscanImplement.__read_data - INFO - 发送处理数据完毕
2025-02-27 18:24:57.365 - collectorLogger - NeuroscanImplement.__read_data - INFO - 发送处理数据完毕
2025-02-27 18:24:57.367 - collectorLogger - NeuroscanImplement.__read_data - INFO - 发送处理数据完毕
2025-02-27 18:24:57.368 - collectorLogger - NeuroscanImplement.__read_data - INFO - 发送处理数据完毕
2025-02-27 18:24:57.370 - collectorLogger - NeuroscanImplement.__read_data - INFO - 发送处理数据完毕
2025-02-27 18:24:57.371 - collectorLogger - NeuroscanImplement.__read_data - INFO - 发送处理数据完毕
2025-02-27 18:24:57.373 - collectorLogger - NeuroscanImplement.__read_data - INFO - 发送处理数据完毕
2025-02-27 18:24:57.374 - collectorLogger - NeuroscanImplement.__read_data - INFO - 发送处理数据完毕
2025-02-27 18:24:57.376 - collectorLogger - NeuroscanImplement.__read_data - INFO - 发送处理数据完毕
2025-02-27 18:24:57.378 - collectorLogger - NeuroscanImplement.__read_data - INFO - 发送处理数据完毕
2025-02-27 18:24:57.380 - collectorLogger - NeuroscanImplement.__read_data - INFO - 发送处理数据完毕
2025-02-27 18:24:57.382 - collectorLogger - NeuroscanImplement.__read_data - INFO - 发送处理数据完毕
2025-02-27 18:24:57.386 - collectorLogger - NeuroscanImplement.__read_data - INFO - 发送处理数据完毕
2025-02-27 18:24:57.388 - collectorLogger - NeuroscanImplement.__read_data - INFO - 发送处理数据完毕
2025-02-27 18:24:57.390 - collectorLogger - NeuroscanImplement.__read_data - INFO - 发送处理数据完毕
2025-02-27 18:24:57.393 - collectorLogger - NeuroscanImplement.__read_data - INFO - 发送处理数据完毕
2025-02-27 18:24:57.395 - collectorLogger - NeuroscanImplement.__read_data - INFO - 发送处理数据完毕
2025-02-27 18:24:57.399 - collectorLogger - NeuroscanImplement.__read_data - INFO - 发送处理数据完毕
2025-02-27 18:24:57.403 - collectorLogger - NeuroscanImplement.__read_data - INFO - 发送处理数据完毕
2025-02-27 18:24:57.405 - collectorLogger - NeuroscanImplement.__read_data - INFO - 发送处理数据完毕
2025-02-27 18:24:57.406 - collectorLogger - NeuroscanImplement.__read_data - INFO - 发送处理数据完毕
2025-02-27 18:24:57.408 - collectorLogger - NeuroscanImplement.__read_data - INFO - 发送处理数据完毕
2025-02-27 18:24:57.410 - collectorLogger - NeuroscanImplement.__read_data - INFO - 发送处理数据完毕
2025-02-27 18:24:57.412 - collectorLogger - NeuroscanImplement.__read_data - INFO - 发送处理数据完毕
2025-02-27 18:24:57.414 - collectorLogger - NeuroscanImplement.__read_data - INFO - 发送处理数据完毕
2025-02-27 18:24:57.417 - collectorLogger - NeuroscanImplement.__read_data - INFO - 发送处理数据完毕
2025-02-27 18:24:57.420 - collectorLogger - NeuroscanImplement.__read_data - INFO - 发送处理数据完毕
2025-02-27 18:24:57.421 - collectorLogger - NeuroscanImplement.__read_data - INFO - 发送处理数据完毕
2025-02-27 18:24:57.423 - collectorLogger - NeuroscanImplement.__read_data - INFO - 发送处理数据完毕
2025-02-27 18:24:57.425 - collectorLogger - NeuroscanImplement.__read_data - INFO - 发送处理数据完毕
2025-02-27 18:24:57.426 - collectorLogger - NeuroscanImplement.__read_data - INFO - 发送处理数据完毕
2025-02-27 18:24:57.428 - collectorLogger - NeuroscanImplement.__read_data - INFO - 发送处理数据完毕
2025-02-27 18:24:57.430 - collectorLogger - NeuroscanImplement.__read_data - INFO - 发送处理数据完毕
2025-02-27 18:24:57.432 - collectorLogger - NeuroscanImplement.__read_data - INFO - 发送处理数据完毕
2025-02-27 18:24:57.434 - collectorLogger - NeuroscanImplement.__read_data - INFO - 发送处理数据完毕
2025-02-27 18:24:57.436 - collectorLogger - NeuroscanImplement.__read_data - INFO - 发送处理数据完毕
2025-02-27 18:24:57.437 - collectorLogger - NeuroscanImplement.__read_data - INFO - 发送处理数据完毕
2025-02-27 18:24:57.439 - collectorLogger - NeuroscanImplement.__read_data - INFO - 发送处理数据完毕
2025-02-27 18:24:57.441 - collectorLogger - NeuroscanImplement.__read_data - INFO - 发送处理数据完毕
2025-02-27 18:24:57.442 - collectorLogger - NeuroscanImplement.__read_data - INFO - 发送处理数据完毕
2025-02-27 18:24:57.444 - collectorLogger - NeuroscanImplement.__read_data - INFO - 发送处理数据完毕
2025-02-27 18:24:57.445 - collectorLogger - NeuroscanImplement.__read_data - INFO - 发送处理数据完毕
2025-02-27 18:24:57.447 - collectorLogger - NeuroscanImplement.__read_data - INFO - 发送处理数据完毕
2025-02-27 18:24:57.448 - collectorLogger - NeuroscanImplement.__read_data - INFO - 发送处理数据完毕
2025-02-27 18:24:57.450 - collectorLogger - NeuroscanImplement.__read_data - INFO - 发送处理数据完毕
2025-02-27 18:24:57.452 - collectorLogger - NeuroscanImplement.__read_data - INFO - 发送处理数据完毕
2025-02-27 18:24:57.453 - collectorLogger - NeuroscanImplement.__read_data - INFO - 发送处理数据完毕
2025-02-27 18:24:57.455 - collectorLogger - NeuroscanImplement.__read_data - INFO - 发送处理数据完毕
2025-02-27 18:24:57.456 - collectorLogger - NeuroscanImplement.__read_data - INFO - 发送处理数据完毕
2025-02-27 18:24:57.457 - collectorLogger - NeuroscanImplement.__read_data - INFO - 发送处理数据完毕
2025-02-27 18:24:57.459 - collectorLogger - NeuroscanImplement.__read_data - INFO - 发送处理数据完毕
2025-02-27 18:24:57.460 - collectorLogger - NeuroscanImplement.__read_data - INFO - 发送处理数据完毕
2025-02-27 18:24:57.462 - collectorLogger - NeuroscanImplement.__read_data - INFO - 发送处理数据完毕
2025-02-27 18:24:57.464 - collectorLogger - NeuroscanImplement.__read_data - INFO - 发送处理数据完毕
2025-02-27 18:24:57.465 - collectorLogger - NeuroscanImplement.__read_data - INFO - 发送处理数据完毕
2025-02-27 18:24:57.467 - collectorLogger - NeuroscanImplement.__read_data - INFO - 发送处理数据完毕
2025-02-27 18:24:57.469 - collectorLogger - NeuroscanImplement.__read_data - INFO - 发送处理数据完毕
2025-02-27 18:24:57.471 - collectorLogger - NeuroscanImplement.__read_data - INFO - 发送处理数据完毕
2025-02-27 18:24:57.472 - collectorLogger - NeuroscanImplement.__read_data - INFO - 发送处理数据完毕
2025-02-27 18:24:57.473 - collectorLogger - NeuroscanImplement.__read_data - INFO - 发送处理数据完毕
2025-02-27 18:24:57.475 - collectorLogger - NeuroscanImplement.__read_data - INFO - 发送处理数据完毕
2025-02-27 18:24:57.476 - collectorLogger - NeuroscanImplement.__read_data - INFO - 发送处理数据完毕
2025-02-27 18:24:57.478 - collectorLogger - NeuroscanImplement.__read_data - INFO - 发送处理数据完毕
2025-02-27 18:24:57.479 - collectorLogger - NeuroscanImplement.__read_data - INFO - 发送处理数据完毕
2025-02-27 18:24:57.481 - collectorLogger - NeuroscanImplement.__read_data - INFO - 发送处理数据完毕
2025-02-27 18:24:57.483 - collectorLogger - NeuroscanImplement.__read_data - INFO - 发送处理数据完毕
2025-02-27 18:24:57.484 - collectorLogger - NeuroscanImplement.__read_data - INFO - 发送处理数据完毕
2025-02-27 18:24:57.486 - collectorLogger - NeuroscanImplement.__read_data - INFO - 发送处理数据完毕
2025-02-27 18:24:57.487 - collectorLogger - NeuroscanImplement.__read_data - INFO - 发送处理数据完毕
2025-02-27 18:24:57.489 - collectorLogger - NeuroscanImplement.__read_data - INFO - 发送处理数据完毕
2025-02-27 18:24:57.490 - collectorLogger - NeuroscanImplement.__read_data - INFO - 发送处理数据完毕
2025-02-27 18:24:57.492 - collectorLogger - NeuroscanImplement.__read_data - INFO - 发送处理数据完毕
2025-02-27 18:24:57.493 - collectorLogger - NeuroscanImplement.__read_data - INFO - 发送处理数据完毕
2025-02-27 18:24:57.494 - collectorLogger - NeuroscanImplement.__read_data - INFO - 发送处理数据完毕
2025-02-27 18:24:57.496 - collectorLogger - NeuroscanImplement.__read_data - INFO - 发送处理数据完毕
2025-02-27 18:24:57.497 - collectorLogger - NeuroscanImplement.__read_data - INFO - 发送处理数据完毕
2025-02-27 18:24:57.499 - collectorLogger - NeuroscanImplement.__read_data - INFO - 发送处理数据完毕
2025-02-27 18:24:57.500 - collectorLogger - NeuroscanImplement.__read_data - INFO - 发送处理数据完毕
2025-02-27 18:24:57.502 - collectorLogger - NeuroscanImplement.__read_data - INFO - 发送处理数据完毕
2025-02-27 18:24:57.503 - collectorLogger - NeuroscanImplement.__read_data - INFO - 发送处理数据完毕
2025-02-27 18:24:57.504 - collectorLogger - NeuroscanImplement.__read_data - INFO - 发送处理数据完毕
2025-02-27 18:24:57.506 - collectorLogger - NeuroscanImplement.__read_data - INFO - 发送处理数据完毕
2025-02-27 18:24:57.507 - collectorLogger - NeuroscanImplement.__read_data - INFO - 发送处理数据完毕
2025-02-27 18:24:57.508 - collectorLogger - NeuroscanImplement.__read_data - INFO - 发送处理数据完毕
2025-02-27 18:24:57.510 - collectorLogger - NeuroscanImplement.__read_data - INFO - 发送处理数据完毕
2025-02-27 18:24:57.511 - collectorLogger - NeuroscanImplement.__read_data - INFO - 发送处理数据完毕
2025-02-27 18:24:57.512 - collectorLogger - NeuroscanImplement.__read_data - INFO - 发送处理数据完毕
2025-02-27 18:24:57.514 - collectorLogger - NeuroscanImplement.__read_data - INFO - 发送处理数据完毕
2025-02-27 18:24:57.515 - collectorLogger - NeuroscanImplement.__read_data - INFO - 发送处理数据完毕
2025-02-27 18:24:57.517 - collectorLogger - NeuroscanImplement.__read_data - INFO - 发送处理数据完毕
2025-02-27 18:24:57.518 - collectorLogger - NeuroscanImplement.__read_data - INFO - 发送处理数据完毕
2025-02-27 18:24:57.519 - collectorLogger - NeuroscanImplement.__read_data - INFO - 发送处理数据完毕
2025-02-27 18:24:57.521 - collectorLogger - NeuroscanImplement.__read_data - INFO - 发送处理数据完毕
2025-02-27 18:24:57.522 - collectorLogger - NeuroscanImplement.__read_data - INFO - 发送处理数据完毕
2025-02-27 18:24:57.523 - collectorLogger - NeuroscanImplement.__read_data - INFO - 发送处理数据完毕
2025-02-27 18:24:57.525 - collectorLogger - NeuroscanImplement.__read_data - INFO - 发送处理数据完毕
2025-02-27 18:24:57.526 - collectorLogger - NeuroscanImplement.__read_data - INFO - 发送处理数据完毕
2025-02-27 18:24:57.527 - collectorLogger - NeuroscanImplement.__read_data - INFO - 发送处理数据完毕
2025-02-27 18:24:57.529 - collectorLogger - NeuroscanImplement.__read_data - INFO - 发送处理数据完毕
2025-02-27 18:24:57.530 - collectorLogger - NeuroscanImplement.__read_data - INFO - 发送处理数据完毕
2025-02-27 18:24:57.531 - collectorLogger - NeuroscanImplement.__read_data - INFO - 发送处理数据完毕
2025-02-27 18:24:57.533 - collectorLogger - NeuroscanImplement.__read_data - INFO - 发送处理数据完毕
2025-02-27 18:24:57.534 - collectorLogger - NeuroscanImplement.__read_data - INFO - 发送处理数据完毕
2025-02-27 18:24:57.535 - collectorLogger - NeuroscanImplement.__read_data - INFO - 发送处理数据完毕
2025-02-27 18:24:57.537 - collectorLogger - NeuroscanImplement.__read_data - INFO - 发送处理数据完毕
2025-02-27 18:24:57.538 - collectorLogger - NeuroscanImplement.__read_data - INFO - 发送处理数据完毕
2025-02-27 18:24:57.539 - collectorLogger - NeuroscanImplement.__read_data - INFO - 发送处理数据完毕
2025-02-27 18:24:57.541 - collectorLogger - NeuroscanImplement.__read_data - INFO - 发送处理数据完毕
2025-02-27 18:24:57.542 - collectorLogger - NeuroscanImplement.__read_data - INFO - 发送处理数据完毕
2025-02-27 18:24:57.543 - collectorLogger - NeuroscanImplement.__read_data - INFO - 发送处理数据完毕
2025-02-27 18:24:57.545 - collectorLogger - NeuroscanImplement.__read_data - INFO - 发送处理数据完毕
2025-02-27 18:24:57.546 - collectorLogger - NeuroscanImplement.__read_data - INFO - 发送处理数据完毕
2025-02-27 18:24:57.548 - collectorLogger - NeuroscanImplement.__read_data - INFO - 发送处理数据完毕
2025-02-27 18:24:57.549 - collectorLogger - NeuroscanImplement.__read_data - INFO - 发送处理数据完毕
2025-02-27 18:24:57.551 - collectorLogger - NeuroscanImplement.__read_data - INFO - 发送处理数据完毕
2025-02-27 18:24:57.552 - collectorLogger - NeuroscanImplement.__read_data - INFO - 发送处理数据完毕
2025-02-27 18:24:57.554 - collectorLogger - NeuroscanImplement.__read_data - INFO - 发送处理数据完毕
2025-02-27 18:24:57.555 - collectorLogger - NeuroscanImplement.__read_data - INFO - 发送处理数据完毕
2025-02-27 18:24:57.556 - collectorLogger - NeuroscanImplement.__read_data - INFO - 发送处理数据完毕
2025-02-27 18:24:57.558 - collectorLogger - NeuroscanImplement.__read_data - INFO - 发送处理数据完毕
2025-02-27 18:24:57.559 - collectorLogger - NeuroscanImplement.__read_data - INFO - 发送处理数据完毕
2025-02-27 18:24:57.560 - collectorLogger - NeuroscanImplement.__read_data - INFO - 发送处理数据完毕
2025-02-27 18:24:57.562 - collectorLogger - NeuroscanImplement.__read_data - INFO - 发送处理数据完毕
2025-02-27 18:24:57.563 - collectorLogger - NeuroscanImplement.__read_data - INFO - 发送处理数据完毕
2025-02-27 18:24:57.564 - collectorLogger - NeuroscanImplement.__read_data - INFO - 发送处理数据完毕
2025-02-27 18:24:57.566 - collectorLogger - NeuroscanImplement.__read_data - INFO - 发送处理数据完毕
2025-02-27 18:24:57.567 - collectorLogger - NeuroscanImplement.__read_data - INFO - 发送处理数据完毕
2025-02-27 18:24:57.569 - collectorLogger - NeuroscanImplement.__read_data - INFO - 发送处理数据完毕
2025-02-27 18:24:57.570 - collectorLogger - NeuroscanImplement.__read_data - INFO - 发送处理数据完毕
2025-02-27 18:24:57.571 - collectorLogger - NeuroscanImplement.__read_data - INFO - 发送处理数据完毕
2025-02-27 18:24:57.573 - collectorLogger - NeuroscanImplement.__read_data - INFO - 发送处理数据完毕
2025-02-27 18:24:57.574 - collectorLogger - NeuroscanImplement.__read_data - INFO - 发送处理数据完毕
2025-02-27 18:24:57.575 - collectorLogger - NeuroscanImplement.__read_data - INFO - 发送处理数据完毕
2025-02-27 18:24:57.577 - collectorLogger - NeuroscanImplement.__read_data - INFO - 发送处理数据完毕
2025-02-27 18:24:57.578 - collectorLogger - NeuroscanImplement.__read_data - INFO - 发送处理数据完毕
2025-02-27 18:24:57.580 - collectorLogger - NeuroscanImplement.__read_data - INFO - 发送处理数据完毕
2025-02-27 18:24:57.581 - collectorLogger - NeuroscanImplement.__read_data - INFO - 发送处理数据完毕
2025-02-27 18:24:57.584 - collectorLogger - NeuroscanImplement.__read_data - INFO - 发送处理数据完毕
2025-02-27 18:24:57.585 - collectorLogger - NeuroscanImplement.__read_data - INFO - 发送处理数据完毕
2025-02-27 18:24:57.587 - collectorLogger - NeuroscanImplement.__read_data - INFO - 发送处理数据完毕
2025-02-27 18:24:57.589 - collectorLogger - NeuroscanImplement.__read_data - INFO - 发送处理数据完毕
2025-02-27 18:24:57.591 - collectorLogger - NeuroscanImplement.__read_data - INFO - 发送处理数据完毕
2025-02-27 18:24:57.593 - collectorLogger - NeuroscanImplement.__read_data - INFO - 发送处理数据完毕
2025-02-27 18:24:57.597 - collectorLogger - NeuroscanImplement.__read_data - INFO - 发送处理数据完毕
2025-02-27 18:24:57.599 - collectorLogger - NeuroscanImplement.__read_data - INFO - 发送处理数据完毕
2025-02-27 18:24:57.602 - collectorLogger - NeuroscanImplement.__read_data - INFO - 发送处理数据完毕
2025-02-27 18:24:57.603 - collectorLogger - NeuroscanImplement.__read_data - INFO - 发送处理数据完毕
2025-02-27 18:24:57.605 - collectorLogger - NeuroscanImplement.__read_data - INFO - 发送处理数据完毕
2025-02-27 18:24:57.608 - collectorLogger - NeuroscanImplement.__read_data - INFO - 发送处理数据完毕
2025-02-27 18:24:57.610 - collectorLogger - NeuroscanImplement.__read_data - INFO - 发送处理数据完毕
2025-02-27 18:24:57.612 - collectorLogger - NeuroscanImplement.__read_data - INFO - 发送处理数据完毕
2025-02-27 18:24:57.615 - collectorLogger - NeuroscanImplement.__read_data - INFO - 发送处理数据完毕
2025-02-27 18:24:57.617 - collectorLogger - NeuroscanImplement.__read_data - INFO - 发送处理数据完毕
2025-02-27 18:24:57.620 - collectorLogger - NeuroscanImplement.__read_data - INFO - 发送处理数据完毕
2025-02-27 18:24:57.622 - collectorLogger - NeuroscanImplement.__read_data - INFO - 发送处理数据完毕
2025-02-27 18:24:57.624 - collectorLogger - NeuroscanImplement.__read_data - INFO - 发送处理数据完毕
2025-02-27 18:24:57.626 - collectorLogger - NeuroscanImplement.__read_data - INFO - 发送处理数据完毕
2025-02-27 18:24:57.628 - collectorLogger - NeuroscanImplement.__read_data - INFO - 发送处理数据完毕
2025-02-27 18:24:57.630 - collectorLogger - NeuroscanImplement.__read_data - INFO - 发送处理数据完毕
2025-02-27 18:24:57.633 - collectorLogger - NeuroscanImplement.__read_data - INFO - 发送处理数据完毕
2025-02-27 18:24:57.635 - collectorLogger - NeuroscanImplement.__read_data - INFO - 发送处理数据完毕
2025-02-27 18:24:57.637 - collectorLogger - NeuroscanImplement.__read_data - INFO - 发送处理数据完毕
2025-02-27 18:24:57.640 - collectorLogger - NeuroscanImplement.__read_data - INFO - 发送处理数据完毕
2025-02-27 18:24:57.641 - collectorLogger - NeuroscanImplement.__read_data - INFO - 发送处理数据完毕
2025-02-27 18:24:57.643 - collectorLogger - NeuroscanImplement.__read_data - INFO - 发送处理数据完毕
2025-02-27 18:24:57.645 - collectorLogger - NeuroscanImplement.__read_data - INFO - 发送处理数据完毕
2025-02-27 18:24:57.646 - collectorLogger - NeuroscanImplement.__read_data - INFO - 发送处理数据完毕
2025-02-27 18:24:57.648 - collectorLogger - NeuroscanImplement.__read_data - INFO - 发送处理数据完毕
2025-02-27 18:24:57.651 - collectorLogger - NeuroscanImplement.__read_data - INFO - 发送处理数据完毕
2025-02-27 18:24:57.653 - collectorLogger - NeuroscanImplement.__read_data - INFO - 发送处理数据完毕
2025-02-27 18:24:57.655 - collectorLogger - NeuroscanImplement.__read_data - INFO - 发送处理数据完毕
2025-02-27 18:24:57.657 - collectorLogger - NeuroscanImplement.__read_data - INFO - 发送处理数据完毕
2025-02-27 18:24:57.658 - collectorLogger - NeuroscanImplement.__read_data - INFO - 发送处理数据完毕
2025-02-27 18:24:57.660 - collectorLogger - NeuroscanImplement.__read_data - INFO - 发送处理数据完毕
2025-02-27 18:24:57.662 - collectorLogger - NeuroscanImplement.__read_data - INFO - 发送处理数据完毕
2025-02-27 18:24:57.664 - collectorLogger - NeuroscanImplement.__read_data - INFO - 发送处理数据完毕
2025-02-27 18:24:57.666 - collectorLogger - NeuroscanImplement.__read_data - INFO - 发送处理数据完毕
2025-02-27 18:24:57.669 - collectorLogger - NeuroscanImplement.__read_data - INFO - 发送处理数据完毕
2025-02-27 18:24:57.670 - collectorLogger - NeuroscanImplement.__read_data - INFO - 发送处理数据完毕
2025-02-27 18:24:57.672 - collectorLogger - NeuroscanImplement.__read_data - INFO - 发送处理数据完毕
2025-02-27 18:24:57.674 - collectorLogger - NeuroscanImplement.__read_data - INFO - 发送处理数据完毕
2025-02-27 18:24:57.675 - collectorLogger - NeuroscanImplement.__read_data - INFO - 发送处理数据完毕
2025-02-27 18:24:57.677 - collectorLogger - NeuroscanImplement.__read_data - INFO - 发送处理数据完毕
2025-02-27 18:24:57.678 - collectorLogger - NeuroscanImplement.__read_data - INFO - 发送处理数据完毕
2025-02-27 18:24:57.680 - collectorLogger - NeuroscanImplement.__read_data - INFO - 发送处理数据完毕
2025-02-27 18:24:57.682 - collectorLogger - NeuroscanImplement.__read_data - INFO - 发送处理数据完毕
2025-02-27 18:24:57.685 - collectorLogger - NeuroscanImplement.__read_data - INFO - 发送处理数据完毕
2025-02-27 18:24:57.686 - collectorLogger - NeuroscanImplement.__read_data - INFO - 发送处理数据完毕
2025-02-27 18:24:57.688 - collectorLogger - NeuroscanImplement.__read_data - INFO - 发送处理数据完毕
2025-02-27 18:24:57.689 - collectorLogger - NeuroscanImplement.__read_data - INFO - 发送处理数据完毕
2025-02-27 18:24:57.691 - collectorLogger - NeuroscanImplement.__read_data - INFO - 发送处理数据完毕
2025-02-27 18:24:57.692 - collectorLogger - NeuroscanImplement.__read_data - INFO - 发送处理数据完毕
2025-02-27 18:24:57.693 - collectorLogger - NeuroscanImplement.__read_data - INFO - 发送处理数据完毕
2025-02-27 18:24:57.695 - collectorLogger - NeuroscanImplement.__read_data - INFO - 发送处理数据完毕
2025-02-27 18:24:57.696 - collectorLogger - NeuroscanImplement.__read_data - INFO - 发送处理数据完毕
2025-02-27 18:24:57.698 - collectorLogger - NeuroscanImplement.__read_data - INFO - 发送处理数据完毕
2025-02-27 18:24:57.699 - collectorLogger - NeuroscanImplement.__read_data - INFO - 发送处理数据完毕
2025-02-27 18:24:57.701 - collectorLogger - NeuroscanImplement.__read_data - INFO - 发送处理数据完毕
2025-02-27 18:24:57.703 - collectorLogger - NeuroscanImplement.__read_data - INFO - 发送处理数据完毕
2025-02-27 18:24:57.704 - collectorLogger - NeuroscanImplement.__read_data - INFO - 发送处理数据完毕
2025-02-27 18:24:57.706 - collectorLogger - NeuroscanImplement.__read_data - INFO - 发送处理数据完毕
2025-02-27 18:24:57.707 - collectorLogger - NeuroscanImplement.__read_data - INFO - 发送处理数据完毕
2025-02-27 18:24:57.709 - collectorLogger - NeuroscanImplement.__read_data - INFO - 发送处理数据完毕
2025-02-27 18:24:57.710 - collectorLogger - NeuroscanImplement.__read_data - INFO - 发送处理数据完毕
2025-02-27 18:24:57.711 - collectorLogger - NeuroscanImplement.__read_data - INFO - 发送处理数据完毕
2025-02-27 18:24:57.713 - collectorLogger - NeuroscanImplement.__read_data - INFO - 发送处理数据完毕
2025-02-27 18:24:57.714 - collectorLogger - NeuroscanImplement.__read_data - INFO - 发送处理数据完毕
2025-02-27 18:24:57.716 - collectorLogger - NeuroscanImplement.__read_data - INFO - 发送处理数据完毕
2025-02-27 18:24:57.717 - collectorLogger - NeuroscanImplement.__read_data - INFO - 发送处理数据完毕
2025-02-27 18:24:57.719 - collectorLogger - NeuroscanImplement.__read_data - INFO - 发送处理数据完毕
2025-02-27 18:24:57.720 - collectorLogger - NeuroscanImplement.__read_data - INFO - 发送处理数据完毕
2025-02-27 18:24:57.722 - collectorLogger - NeuroscanImplement.__read_data - INFO - 发送处理数据完毕
2025-02-27 18:24:57.723 - collectorLogger - NeuroscanImplement.__read_data - INFO - 发送处理数据完毕
2025-02-27 18:24:57.724 - collectorLogger - NeuroscanImplement.__read_data - INFO - 发送处理数据完毕
2025-02-27 18:24:57.726 - collectorLogger - NeuroscanImplement.__read_data - INFO - 发送处理数据完毕
2025-02-27 18:24:57.727 - collectorLogger - NeuroscanImplement.__read_data - INFO - 发送处理数据完毕
2025-02-27 18:24:57.729 - collectorLogger - NeuroscanImplement.__read_data - INFO - 发送处理数据完毕
2025-02-27 18:24:57.730 - collectorLogger - NeuroscanImplement.__read_data - INFO - 发送处理数据完毕
2025-02-27 18:24:57.732 - collectorLogger - NeuroscanImplement.__read_data - INFO - 发送处理数据完毕
2025-02-27 18:24:57.733 - collectorLogger - NeuroscanImplement.__read_data - INFO - 发送处理数据完毕
2025-02-27 18:24:57.734 - collectorLogger - NeuroscanImplement.__read_data - INFO - 发送处理数据完毕
2025-02-27 18:24:57.736 - collectorLogger - NeuroscanImplement.__read_data - INFO - 发送处理数据完毕
2025-02-27 18:24:57.737 - collectorLogger - NeuroscanImplement.__read_data - INFO - 发送处理数据完毕
2025-02-27 18:24:57.739 - collectorLogger - NeuroscanImplement.__read_data - INFO - 发送处理数据完毕
2025-02-27 18:24:57.740 - collectorLogger - NeuroscanImplement.__read_data - INFO - 发送处理数据完毕
2025-02-27 18:24:57.742 - collectorLogger - NeuroscanImplement.__read_data - INFO - 发送处理数据完毕
2025-02-27 18:24:57.744 - collectorLogger - NeuroscanImplement.__read_data - INFO - 发送处理数据完毕
2025-02-27 18:24:57.745 - collectorLogger - NeuroscanImplement.__read_data - INFO - 发送处理数据完毕
2025-02-27 18:24:57.747 - collectorLogger - NeuroscanImplement.__read_data - INFO - 发送处理数据完毕
2025-02-27 18:24:57.748 - collectorLogger - NeuroscanImplement.__read_data - INFO - 发送处理数据完毕
2025-02-27 18:24:57.749 - collectorLogger - NeuroscanImplement.__read_data - INFO - 发送处理数据完毕
2025-02-27 18:24:57.751 - collectorLogger - NeuroscanImplement.__read_data - INFO - 发送处理数据完毕
2025-02-27 18:24:57.753 - collectorLogger - NeuroscanImplement.__read_data - INFO - 发送处理数据完毕
2025-02-27 18:24:57.754 - collectorLogger - NeuroscanImplement.__read_data - INFO - 发送处理数据完毕
2025-02-27 18:24:57.755 - collectorLogger - NeuroscanImplement.__read_data - INFO - 发送处理数据完毕
2025-02-27 18:24:57.757 - collectorLogger - NeuroscanImplement.__read_data - INFO - 发送处理数据完毕
2025-02-27 18:24:57.758 - collectorLogger - NeuroscanImplement.__read_data - INFO - 发送处理数据完毕
2025-02-27 18:24:57.759 - collectorLogger - NeuroscanImplement.__read_data - INFO - 发送处理数据完毕
2025-02-27 18:24:57.761 - collectorLogger - NeuroscanImplement.__read_data - INFO - 发送处理数据完毕
2025-02-27 18:24:57.762 - collectorLogger - NeuroscanImplement.__read_data - INFO - 发送处理数据完毕
2025-02-27 18:24:57.764 - collectorLogger - NeuroscanImplement.__read_data - INFO - 发送处理数据完毕
2025-02-27 18:24:57.765 - collectorLogger - NeuroscanImplement.__read_data - INFO - 发送处理数据完毕
2025-02-27 18:24:57.766 - collectorLogger - NeuroscanImplement.__read_data - INFO - 发送处理数据完毕
2025-02-27 18:24:57.768 - collectorLogger - NeuroscanImplement.__read_data - INFO - 发送处理数据完毕
2025-02-27 18:24:57.769 - collectorLogger - NeuroscanImplement.__read_data - INFO - 发送处理数据完毕
2025-02-27 18:24:57.771 - collectorLogger - NeuroscanImplement.__read_data - INFO - 发送处理数据完毕
2025-02-27 18:24:57.772 - collectorLogger - NeuroscanImplement.__read_data - INFO - 发送处理数据完毕
2025-02-27 18:24:57.773 - collectorLogger - NeuroscanImplement.__read_data - INFO - 发送处理数据完毕
2025-02-27 18:24:57.775 - collectorLogger - NeuroscanImplement.__read_data - INFO - 发送处理数据完毕
2025-02-27 18:24:57.776 - collectorLogger - NeuroscanImplement.__read_data - INFO - 发送处理数据完毕
2025-02-27 18:24:57.777 - collectorLogger - NeuroscanImplement.__read_data - INFO - 发送处理数据完毕
2025-02-27 18:24:57.779 - collectorLogger - NeuroscanImplement.__read_data - INFO - 发送处理数据完毕
2025-02-27 18:24:57.780 - collectorLogger - NeuroscanImplement.__read_data - INFO - 发送处理数据完毕
2025-02-27 18:24:57.782 - collectorLogger - NeuroscanImplement.__read_data - INFO - 发送处理数据完毕
2025-02-27 18:24:57.783 - collectorLogger - NeuroscanImplement.__read_data - INFO - 发送处理数据完毕
2025-02-27 18:24:57.785 - collectorLogger - NeuroscanImplement.__read_data - INFO - 发送处理数据完毕
2025-02-27 18:24:57.786 - collectorLogger - NeuroscanImplement.__read_data - INFO - 发送处理数据完毕
2025-02-27 18:24:57.788 - collectorLogger - NeuroscanImplement.__read_data - INFO - 发送处理数据完毕
2025-02-27 18:24:57.789 - collectorLogger - NeuroscanImplement.__read_data - INFO - 发送处理数据完毕
2025-02-27 18:24:57.791 - collectorLogger - NeuroscanImplement.__read_data - INFO - 发送处理数据完毕
2025-02-27 18:24:57.792 - collectorLogger - NeuroscanImplement.__read_data - INFO - 发送处理数据完毕
2025-02-27 18:24:57.794 - collectorLogger - NeuroscanImplement.__read_data - INFO - 发送处理数据完毕
2025-02-27 18:24:57.795 - collectorLogger - NeuroscanImplement.__read_data - INFO - 发送处理数据完毕
2025-02-27 18:24:57.797 - collectorLogger - NeuroscanImplement.__read_data - INFO - 发送处理数据完毕
2025-02-27 18:24:57.798 - collectorLogger - NeuroscanImplement.__read_data - INFO - 发送处理数据完毕
2025-02-27 18:24:57.800 - collectorLogger - NeuroscanImplement.__read_data - INFO - 发送处理数据完毕
2025-02-27 18:24:57.802 - collectorLogger - NeuroscanImplement.__read_data - INFO - 发送处理数据完毕
2025-02-27 18:24:57.803 - collectorLogger - NeuroscanImplement.__read_data - INFO - 发送处理数据完毕
2025-02-27 18:24:57.805 - collectorLogger - NeuroscanImplement.__read_data - INFO - 发送处理数据完毕
2025-02-27 18:24:57.807 - collectorLogger - NeuroscanImplement.__read_data - INFO - 发送处理数据完毕
2025-02-27 18:24:57.809 - collectorLogger - NeuroscanImplement.__read_data - INFO - 发送处理数据完毕
2025-02-27 18:24:57.810 - collectorLogger - NeuroscanImplement.__read_data - INFO - 发送处理数据完毕
2025-02-27 18:24:57.812 - collectorLogger - NeuroscanImplement.__read_data - INFO - 发送处理数据完毕
2025-02-27 18:24:57.813 - collectorLogger - NeuroscanImplement.__read_data - INFO - 发送处理数据完毕
2025-02-27 18:24:57.815 - collectorLogger - NeuroscanImplement.__read_data - INFO - 发送处理数据完毕
2025-02-27 18:24:57.816 - collectorLogger - NeuroscanImplement.__read_data - INFO - 发送处理数据完毕
2025-02-27 18:24:57.818 - collectorLogger - NeuroscanImplement.__read_data - INFO - 发送处理数据完毕
2025-02-27 18:24:57.820 - collectorLogger - NeuroscanImplement.__read_data - INFO - 发送处理数据完毕
2025-02-27 18:24:57.821 - collectorLogger - NeuroscanImplement.__read_data - INFO - 发送处理数据完毕
2025-02-27 18:24:57.822 - collectorLogger - NeuroscanImplement.__read_data - INFO - 发送处理数据完毕
2025-02-27 18:24:57.824 - collectorLogger - NeuroscanImplement.__read_data - INFO - 发送处理数据完毕
2025-02-27 18:24:57.825 - collectorLogger - NeuroscanImplement.__read_data - INFO - 发送处理数据完毕
2025-02-27 18:24:57.827 - collectorLogger - NeuroscanImplement.__read_data - INFO - 发送处理数据完毕
2025-02-27 18:24:57.828 - collectorLogger - NeuroscanImplement.__read_data - INFO - 发送处理数据完毕
2025-02-27 18:24:57.830 - collectorLogger - NeuroscanImplement.__read_data - INFO - 发送处理数据完毕
2025-02-27 18:24:57.831 - collectorLogger - NeuroscanImplement.__read_data - INFO - 发送处理数据完毕
2025-02-27 18:24:57.832 - collectorLogger - NeuroscanImplement.__read_data - INFO - 发送处理数据完毕
2025-02-27 18:24:57.834 - collectorLogger - NeuroscanImplement.__read_data - INFO - 发送处理数据完毕
2025-02-27 18:24:57.836 - collectorLogger - NeuroscanImplement.__read_data - INFO - 发送处理数据完毕
2025-02-27 18:24:57.837 - collectorLogger - NeuroscanImplement.__read_data - INFO - 发送处理数据完毕
2025-02-27 18:24:57.839 - collectorLogger - NeuroscanImplement.__read_data - INFO - 发送处理数据完毕
2025-02-27 18:24:57.840 - collectorLogger - NeuroscanImplement.__read_data - INFO - 发送处理数据完毕
2025-02-27 18:24:57.842 - collectorLogger - NeuroscanImplement.__read_data - INFO - 发送处理数据完毕
2025-02-27 18:24:57.844 - collectorLogger - NeuroscanImplement.__read_data - INFO - 发送处理数据完毕
2025-02-27 18:24:57.846 - collectorLogger - NeuroscanImplement.__read_data - INFO - 发送处理数据完毕
2025-02-27 18:24:57.848 - collectorLogger - NeuroscanImplement.__read_data - INFO - 发送处理数据完毕
2025-02-27 18:24:57.849 - collectorLogger - NeuroscanImplement.__read_data - INFO - 发送处理数据完毕
2025-02-27 18:24:57.851 - collectorLogger - NeuroscanImplement.__read_data - INFO - 发送处理数据完毕
2025-02-27 18:24:57.853 - collectorLogger - NeuroscanImplement.__read_data - INFO - 发送处理数据完毕
2025-02-27 18:24:57.855 - collectorLogger - NeuroscanImplement.__read_data - INFO - 发送处理数据完毕
2025-02-27 18:24:57.857 - collectorLogger - NeuroscanImplement.__read_data - INFO - 发送处理数据完毕
2025-02-27 18:24:57.858 - collectorLogger - NeuroscanImplement.__read_data - INFO - 发送处理数据完毕
2025-02-27 18:24:57.860 - collectorLogger - NeuroscanImplement.__read_data - INFO - 发送处理数据完毕
2025-02-27 18:24:57.862 - collectorLogger - NeuroscanImplement.__read_data - INFO - 发送处理数据完毕
2025-02-27 18:24:57.863 - collectorLogger - NeuroscanImplement.__read_data - INFO - 发送处理数据完毕
2025-02-27 18:24:57.865 - collectorLogger - NeuroscanImplement.__read_data - INFO - 发送处理数据完毕
2025-02-27 18:24:57.866 - collectorLogger - NeuroscanImplement.__read_data - INFO - 发送处理数据完毕
2025-02-27 18:24:57.868 - collectorLogger - NeuroscanImplement.__read_data - INFO - 发送处理数据完毕
2025-02-27 18:24:57.870 - collectorLogger - NeuroscanImplement.__read_data - INFO - 发送处理数据完毕
2025-02-27 18:24:57.872 - collectorLogger - NeuroscanImplement.__read_data - INFO - 发送处理数据完毕
2025-02-27 18:24:57.873 - collectorLogger - NeuroscanImplement.__read_data - INFO - 发送处理数据完毕
2025-02-27 18:24:57.875 - collectorLogger - NeuroscanImplement.__read_data - INFO - 发送处理数据完毕
2025-02-27 18:24:57.876 - collectorLogger - NeuroscanImplement.__read_data - INFO - 发送处理数据完毕
2025-02-27 18:24:57.877 - collectorLogger - NeuroscanImplement.__read_data - INFO - 发送处理数据完毕
2025-02-27 18:24:57.879 - collectorLogger - NeuroscanImplement.__read_data - INFO - 发送处理数据完毕
2025-02-27 18:24:57.880 - collectorLogger - NeuroscanImplement.__read_data - INFO - 发送处理数据完毕
2025-02-27 18:24:57.881 - collectorLogger - NeuroscanImplement.__read_data - INFO - 发送处理数据完毕
2025-02-27 18:24:57.883 - collectorLogger - NeuroscanImplement.__read_data - INFO - 发送处理数据完毕
2025-02-27 18:24:57.885 - collectorLogger - NeuroscanImplement.__read_data - INFO - 发送处理数据完毕
2025-02-27 18:24:57.887 - collectorLogger - NeuroscanImplement.__read_data - INFO - 发送处理数据完毕
2025-02-27 18:24:57.888 - collectorLogger - NeuroscanImplement.__read_data - INFO - 发送处理数据完毕
2025-02-27 18:24:57.889 - collectorLogger - NeuroscanImplement.__read_data - INFO - 发送处理数据完毕
2025-02-27 18:24:57.890 - collectorLogger - NeuroscanImplement.__read_data - INFO - 发送处理数据完毕
2025-02-27 18:24:57.891 - collectorLogger - NeuroscanImplement.__read_data - INFO - 发送处理数据完毕
2025-02-27 18:24:57.893 - collectorLogger - NeuroscanImplement.__read_data - INFO - 发送处理数据完毕
2025-02-27 18:24:57.894 - collectorLogger - NeuroscanImplement.__read_data - INFO - 发送处理数据完毕
2025-02-27 18:24:57.896 - collectorLogger - NeuroscanImplement.__read_data - INFO - 发送处理数据完毕
2025-02-27 18:24:57.897 - collectorLogger - NeuroscanImplement.__read_data - INFO - 发送处理数据完毕
2025-02-27 18:24:57.898 - collectorLogger - NeuroscanImplement.__read_data - INFO - 发送处理数据完毕
2025-02-27 18:24:57.900 - collectorLogger - NeuroscanImplement.__read_data - INFO - 发送处理数据完毕
2025-02-27 18:24:57.901 - collectorLogger - NeuroscanImplement.__read_data - INFO - 发送处理数据完毕
2025-02-27 18:24:57.903 - collectorLogger - NeuroscanImplement.__read_data - INFO - 发送处理数据完毕
2025-02-27 18:24:57.904 - collectorLogger - NeuroscanImplement.__read_data - INFO - 发送处理数据完毕
2025-02-27 18:24:57.905 - collectorLogger - NeuroscanImplement.__read_data - INFO - 发送处理数据完毕
2025-02-27 18:24:57.907 - collectorLogger - NeuroscanImplement.__read_data - INFO - 发送处理数据完毕
2025-02-27 18:24:57.908 - collectorLogger - NeuroscanImplement.__read_data - INFO - 发送处理数据完毕
2025-02-27 18:24:57.909 - collectorLogger - NeuroscanImplement.__read_data - INFO - 发送处理数据完毕
2025-02-27 18:24:57.911 - collectorLogger - NeuroscanImplement.__read_data - INFO - 发送处理数据完毕
2025-02-27 18:24:57.912 - collectorLogger - NeuroscanImplement.__read_data - INFO - 发送处理数据完毕
2025-02-27 18:24:57.913 - collectorLogger - NeuroscanImplement.__read_data - INFO - 发送处理数据完毕
2025-02-27 18:24:57.915 - collectorLogger - NeuroscanImplement.__read_data - INFO - 发送处理数据完毕
2025-02-27 18:24:57.916 - collectorLogger - NeuroscanImplement.__read_data - INFO - 发送处理数据完毕
2025-02-27 18:24:57.918 - collectorLogger - NeuroscanImplement.__read_data - INFO - 发送处理数据完毕
2025-02-27 18:24:57.919 - collectorLogger - NeuroscanImplement.__read_data - INFO - 发送处理数据完毕
2025-02-27 18:24:57.920 - collectorLogger - NeuroscanImplement.__read_data - INFO - 发送处理数据完毕
2025-02-27 18:24:57.922 - collectorLogger - NeuroscanImplement.__read_data - INFO - 发送处理数据完毕
2025-02-27 18:24:57.923 - collectorLogger - NeuroscanImplement.__read_data - INFO - 发送处理数据完毕
2025-02-27 18:24:57.924 - collectorLogger - NeuroscanImplement.__read_data - INFO - 发送处理数据完毕
2025-02-27 18:24:57.925 - collectorLogger - NeuroscanImplement.__read_data - INFO - 发送处理数据完毕
2025-02-27 18:24:57.927 - collectorLogger - NeuroscanImplement.__read_data - INFO - 发送处理数据完毕
2025-02-27 18:24:57.928 - collectorLogger - NeuroscanImplement.__read_data - INFO - 发送处理数据完毕
2025-02-27 18:24:57.929 - collectorLogger - NeuroscanImplement.__read_data - INFO - 发送处理数据完毕
2025-02-27 18:24:57.931 - collectorLogger - NeuroscanImplement.__read_data - INFO - 发送处理数据完毕
2025-02-27 18:24:57.932 - collectorLogger - NeuroscanImplement.__read_data - INFO - 发送处理数据完毕
2025-02-27 18:24:57.933 - collectorLogger - NeuroscanImplement.__read_data - INFO - 发送处理数据完毕
2025-02-27 18:24:57.935 - collectorLogger - NeuroscanImplement.__read_data - INFO - 发送处理数据完毕
2025-02-27 18:24:57.936 - collectorLogger - NeuroscanImplement.__read_data - INFO - 发送处理数据完毕
2025-02-27 18:24:57.937 - collectorLogger - NeuroscanImplement.__read_data - INFO - 发送处理数据完毕
2025-02-27 18:24:57.939 - collectorLogger - NeuroscanImplement.__read_data - INFO - 发送处理数据完毕
2025-02-27 18:24:57.940 - collectorLogger - NeuroscanImplement.__read_data - INFO - 发送处理数据完毕
2025-02-27 18:24:57.941 - collectorLogger - NeuroscanImplement.__read_data - INFO - 发送处理数据完毕
2025-02-27 18:24:57.943 - collectorLogger - NeuroscanImplement.__read_data - INFO - 发送处理数据完毕
2025-02-27 18:24:57.944 - collectorLogger - NeuroscanImplement.__read_data - INFO - 发送处理数据完毕
2025-02-27 18:24:57.945 - collectorLogger - NeuroscanImplement.__read_data - INFO - 发送处理数据完毕
2025-02-27 18:24:57.947 - collectorLogger - NeuroscanImplement.__read_data - INFO - 发送处理数据完毕
2025-02-27 18:24:57.948 - collectorLogger - NeuroscanImplement.__read_data - INFO - 发送处理数据完毕
2025-02-27 18:24:57.949 - collectorLogger - NeuroscanImplement.__read_data - INFO - 发送处理数据完毕
2025-02-27 18:24:57.951 - collectorLogger - NeuroscanImplement.__read_data - INFO - 发送处理数据完毕
2025-02-27 18:24:57.952 - collectorLogger - NeuroscanImplement.__read_data - INFO - 发送处理数据完毕
2025-02-27 18:24:57.953 - collectorLogger - NeuroscanImplement.__read_data - INFO - 发送处理数据完毕
2025-02-27 18:24:57.955 - collectorLogger - NeuroscanImplement.__read_data - INFO - 发送处理数据完毕
2025-02-27 18:24:57.956 - collectorLogger - NeuroscanImplement.__read_data - INFO - 发送处理数据完毕
2025-02-27 18:24:57.958 - collectorLogger - NeuroscanImplement.__read_data - INFO - 发送处理数据完毕
2025-02-27 18:24:57.959 - collectorLogger - NeuroscanImplement.__read_data - INFO - 发送处理数据完毕
2025-02-27 18:24:57.960 - collectorLogger - NeuroscanImplement.__read_data - INFO - 发送处理数据完毕
2025-02-27 18:24:57.962 - collectorLogger - NeuroscanImplement.__read_data - INFO - 发送处理数据完毕
2025-02-27 18:24:57.963 - collectorLogger - NeuroscanImplement.__read_data - INFO - 发送处理数据完毕
2025-02-27 18:24:57.964 - collectorLogger - NeuroscanImplement.__read_data - INFO - 发送处理数据完毕
2025-02-27 18:24:57.966 - collectorLogger - NeuroscanImplement.__read_data - INFO - 发送处理数据完毕
2025-02-27 18:24:57.967 - collectorLogger - NeuroscanImplement.__read_data - INFO - 发送处理数据完毕
2025-02-27 18:24:57.969 - collectorLogger - NeuroscanImplement.__read_data - INFO - 发送处理数据完毕
2025-02-27 18:24:57.971 - collectorLogger - NeuroscanImplement.__read_data - INFO - 发送处理数据完毕
2025-02-27 18:24:57.972 - collectorLogger - NeuroscanImplement.__read_data - INFO - 发送处理数据完毕
2025-02-27 18:24:57.974 - collectorLogger - NeuroscanImplement.__read_data - INFO - 发送处理数据完毕
2025-02-27 18:24:57.975 - collectorLogger - NeuroscanImplement.__read_data - INFO - 发送处理数据完毕
2025-02-27 18:24:57.977 - collectorLogger - NeuroscanImplement.__read_data - INFO - 发送处理数据完毕
2025-02-27 18:24:57.978 - collectorLogger - NeuroscanImplement.__read_data - INFO - 发送处理数据完毕
2025-02-27 18:24:57.980 - collectorLogger - NeuroscanImplement.__read_data - INFO - 发送处理数据完毕
2025-02-27 18:24:57.983 - collectorLogger - NeuroscanImplement.__read_data - INFO - 发送处理数据完毕
2025-02-27 18:24:57.985 - collectorLogger - NeuroscanImplement.__read_data - INFO - 发送处理数据完毕
2025-02-27 18:24:57.987 - collectorLogger - NeuroscanImplement.__read_data - INFO - 发送处理数据完毕
2025-02-27 18:24:57.989 - collectorLogger - NeuroscanImplement.__read_data - INFO - 发送处理数据完毕
2025-02-27 18:24:57.991 - collectorLogger - NeuroscanImplement.__read_data - INFO - 发送处理数据完毕
2025-02-27 18:24:57.992 - collectorLogger - NeuroscanImplement.__read_data - INFO - 发送处理数据完毕
2025-02-27 18:24:57.994 - collectorLogger - NeuroscanImplement.__read_data - INFO - 发送处理数据完毕
2025-02-27 18:24:59.193 - collectorLogger - NeuroscanImplement.__read_data - INFO - 发送处理数据完毕
2025-02-27 18:24:59.195 - collectorLogger - NeuroscanImplement.__read_data - INFO - 发送处理数据完毕
2025-02-27 18:24:59.196 - collectorLogger - NeuroscanImplement.__read_data - INFO - 发送处理数据完毕
2025-02-27 18:24:59.198 - collectorLogger - NeuroscanImplement.__read_data - INFO - 发送处理数据完毕
2025-02-27 18:24:59.199 - collectorLogger - NeuroscanImplement.__read_data - INFO - 发送处理数据完毕
2025-02-27 18:24:59.202 - collectorLogger - NeuroscanImplement.__read_data - INFO - 发送处理数据完毕
2025-02-27 18:24:59.203 - collectorLogger - NeuroscanImplement.__read_data - INFO - 发送处理数据完毕
2025-02-27 18:24:59.205 - collectorLogger - NeuroscanImplement.__read_data - INFO - 发送处理数据完毕
2025-02-27 18:24:59.207 - collectorLogger - NeuroscanImplement.__read_data - INFO - 发送处理数据完毕
2025-02-27 18:24:59.208 - collectorLogger - NeuroscanImplement.__read_data - INFO - 发送处理数据完毕
2025-02-27 18:24:59.210 - collectorLogger - NeuroscanImplement.__read_data - INFO - 发送处理数据完毕
2025-02-27 18:24:59.211 - collectorLogger - NeuroscanImplement.__read_data - INFO - 发送处理数据完毕
2025-02-27 18:24:59.213 - collectorLogger - NeuroscanImplement.__read_data - INFO - 发送处理数据完毕
2025-02-27 18:24:59.214 - collectorLogger - NeuroscanImplement.__read_data - INFO - 发送处理数据完毕
2025-02-27 18:24:59.215 - collectorLogger - NeuroscanImplement.__read_data - INFO - 发送处理数据完毕
2025-02-27 18:24:59.217 - collectorLogger - NeuroscanImplement.__read_data - INFO - 发送处理数据完毕
2025-02-27 18:24:59.219 - collectorLogger - NeuroscanImplement.__read_data - INFO - 发送处理数据完毕
2025-02-27 18:24:59.221 - collectorLogger - NeuroscanImplement.__read_data - INFO - 发送处理数据完毕
2025-02-27 18:24:59.222 - collectorLogger - NeuroscanImplement.__read_data - INFO - 发送处理数据完毕
2025-02-27 18:24:59.224 - collectorLogger - NeuroscanImplement.__read_data - INFO - 发送处理数据完毕
2025-02-27 18:24:59.225 - collectorLogger - NeuroscanImplement.__read_data - INFO - 发送处理数据完毕
2025-02-27 18:24:59.227 - collectorLogger - NeuroscanImplement.__read_data - INFO - 发送处理数据完毕
2025-02-27 18:24:59.228 - collectorLogger - NeuroscanImplement.__read_data - INFO - 发送处理数据完毕
2025-02-27 18:24:59.230 - collectorLogger - NeuroscanImplement.__read_data - INFO - 发送处理数据完毕
2025-02-27 18:24:59.231 - collectorLogger - NeuroscanImplement.__read_data - INFO - 发送处理数据完毕
2025-02-27 18:24:59.233 - collectorLogger - NeuroscanImplement.__read_data - INFO - 发送处理数据完毕
2025-02-27 18:24:59.235 - collectorLogger - NeuroscanImplement.__read_data - INFO - 发送处理数据完毕
2025-02-27 18:24:59.236 - collectorLogger - NeuroscanImplement.__read_data - INFO - 发送处理数据完毕
2025-02-27 18:24:59.238 - collectorLogger - NeuroscanImplement.__read_data - INFO - 发送处理数据完毕
2025-02-27 18:24:59.240 - collectorLogger - NeuroscanImplement.__read_data - INFO - 发送处理数据完毕
2025-02-27 18:24:59.241 - collectorLogger - NeuroscanImplement.__read_data - INFO - 发送处理数据完毕
2025-02-27 18:24:59.242 - collectorLogger - NeuroscanImplement.__read_data - INFO - 发送处理数据完毕
2025-02-27 18:24:59.244 - collectorLogger - NeuroscanImplement.__read_data - INFO - 发送处理数据完毕
2025-02-27 18:24:59.245 - collectorLogger - NeuroscanImplement.__read_data - INFO - 发送处理数据完毕
2025-02-27 18:24:59.247 - collectorLogger - NeuroscanImplement.__read_data - INFO - 发送处理数据完毕
2025-02-27 18:24:59.249 - collectorLogger - NeuroscanImplement.__read_data - INFO - 发送处理数据完毕
2025-02-27 18:24:59.251 - collectorLogger - NeuroscanImplement.__read_data - INFO - 发送处理数据完毕
2025-02-27 18:24:59.253 - collectorLogger - NeuroscanImplement.__read_data - INFO - 发送处理数据完毕
2025-02-27 18:24:59.255 - collectorLogger - NeuroscanImplement.__read_data - INFO - 发送处理数据完毕
2025-02-27 18:24:59.256 - collectorLogger - NeuroscanImplement.__read_data - INFO - 发送处理数据完毕
2025-02-27 18:24:59.258 - collectorLogger - NeuroscanImplement.__read_data - INFO - 发送处理数据完毕
2025-02-27 18:24:59.259 - collectorLogger - NeuroscanImplement.__read_data - INFO - 发送处理数据完毕
2025-02-27 18:24:59.261 - collectorLogger - NeuroscanImplement.__read_data - INFO - 发送处理数据完毕
2025-02-27 18:24:59.262 - collectorLogger - NeuroscanImplement.__read_data - INFO - 发送处理数据完毕
2025-02-27 18:24:59.264 - collectorLogger - NeuroscanImplement.__read_data - INFO - 发送处理数据完毕
2025-02-27 18:24:59.265 - collectorLogger - NeuroscanImplement.__read_data - INFO - 发送处理数据完毕
2025-02-27 18:24:59.269 - collectorLogger - NeuroscanImplement.__read_data - INFO - 发送处理数据完毕
2025-02-27 18:24:59.271 - collectorLogger - NeuroscanImplement.__read_data - INFO - 发送处理数据完毕
2025-02-27 18:24:59.273 - collectorLogger - NeuroscanImplement.__read_data - INFO - 发送处理数据完毕
2025-02-27 18:24:59.275 - collectorLogger - NeuroscanImplement.__read_data - INFO - 发送处理数据完毕
2025-02-27 18:24:59.277 - collectorLogger - NeuroscanImplement.__read_data - INFO - 发送处理数据完毕
2025-02-27 18:24:59.279 - collectorLogger - NeuroscanImplement.__read_data - INFO - 发送处理数据完毕
2025-02-27 18:24:59.282 - collectorLogger - NeuroscanImplement.__read_data - INFO - 发送处理数据完毕
2025-02-27 18:24:59.284 - collectorLogger - NeuroscanImplement.__read_data - INFO - 发送处理数据完毕
2025-02-27 18:24:59.286 - collectorLogger - NeuroscanImplement.__read_data - INFO - 发送处理数据完毕
2025-02-27 18:24:59.287 - collectorLogger - NeuroscanImplement.__read_data - INFO - 发送处理数据完毕
2025-02-27 18:24:59.289 - collectorLogger - NeuroscanImplement.__read_data - INFO - 发送处理数据完毕
2025-02-27 18:24:59.290 - collectorLogger - NeuroscanImplement.__read_data - INFO - 发送处理数据完毕
2025-02-27 18:24:59.292 - collectorLogger - NeuroscanImplement.__read_data - INFO - 发送处理数据完毕
2025-02-27 18:24:59.294 - collectorLogger - NeuroscanImplement.__read_data - INFO - 发送处理数据完毕
2025-02-27 18:24:59.296 - collectorLogger - NeuroscanImplement.__read_data - INFO - 发送处理数据完毕
2025-02-27 18:24:59.298 - collectorLogger - NeuroscanImplement.__read_data - INFO - 发送处理数据完毕
2025-02-27 18:24:59.301 - collectorLogger - NeuroscanImplement.__read_data - INFO - 发送处理数据完毕
2025-02-27 18:24:59.302 - collectorLogger - NeuroscanImplement.__read_data - INFO - 发送处理数据完毕
2025-02-27 18:24:59.304 - collectorLogger - NeuroscanImplement.__read_data - INFO - 发送处理数据完毕
2025-02-27 18:24:59.305 - collectorLogger - NeuroscanImplement.__read_data - INFO - 发送处理数据完毕
2025-02-27 18:24:59.306 - collectorLogger - NeuroscanImplement.__read_data - INFO - 发送处理数据完毕
2025-02-27 18:24:59.308 - collectorLogger - NeuroscanImplement.__read_data - INFO - 发送处理数据完毕
2025-02-27 18:24:59.310 - collectorLogger - NeuroscanImplement.__read_data - INFO - 发送处理数据完毕
2025-02-27 18:24:59.312 - collectorLogger - NeuroscanImplement.__read_data - INFO - 发送处理数据完毕
2025-02-27 18:24:59.313 - collectorLogger - NeuroscanImplement.__read_data - INFO - 发送处理数据完毕
2025-02-27 18:24:59.315 - collectorLogger - NeuroscanImplement.__read_data - INFO - 发送处理数据完毕
2025-02-27 18:24:59.317 - collectorLogger - NeuroscanImplement.__read_data - INFO - 发送处理数据完毕
2025-02-27 18:24:59.322 - collectorLogger - NeuroscanImplement.__read_data - INFO - 发送处理数据完毕
2025-02-27 18:24:59.324 - collectorLogger - NeuroscanImplement.__read_data - INFO - 发送处理数据完毕
2025-02-27 18:24:59.325 - collectorLogger - NeuroscanImplement.__read_data - INFO - 发送处理数据完毕
2025-02-27 18:24:59.327 - collectorLogger - NeuroscanImplement.__read_data - INFO - 发送处理数据完毕
2025-02-27 18:24:59.328 - collectorLogger - NeuroscanImplement.__read_data - INFO - 发送处理数据完毕
2025-02-27 18:24:59.330 - collectorLogger - NeuroscanImplement.__read_data - INFO - 发送处理数据完毕
2025-02-27 18:24:59.331 - collectorLogger - NeuroscanImplement.__read_data - INFO - 发送处理数据完毕
2025-02-27 18:24:59.332 - collectorLogger - NeuroscanImplement.__read_data - INFO - 发送处理数据完毕
2025-02-27 18:24:59.418 - collectorLogger - NeuroscanImplement.__read_data - INFO - 发送处理数据完毕
2025-02-27 18:24:59.420 - collectorLogger - NeuroscanImplement.__read_data - INFO - 发送处理数据完毕
2025-02-27 18:24:59.422 - collectorLogger - NeuroscanImplement.__read_data - INFO - 发送处理数据完毕
2025-02-27 18:24:59.423 - collectorLogger - NeuroscanImplement.__read_data - INFO - 发送处理数据完毕
2025-02-27 18:24:59.425 - collectorLogger - NeuroscanImplement.__read_data - INFO - 发送处理数据完毕
2025-02-27 18:24:59.426 - collectorLogger - NeuroscanImplement.__read_data - INFO - 发送处理数据完毕
2025-02-27 18:24:59.428 - collectorLogger - NeuroscanImplement.__read_data - INFO - 发送处理数据完毕
2025-02-27 18:24:59.430 - collectorLogger - NeuroscanImplement.__read_data - INFO - 发送处理数据完毕
2025-02-27 18:24:59.431 - collectorLogger - NeuroscanImplement.__read_data - INFO - 发送处理数据完毕
2025-02-27 18:24:59.433 - collectorLogger - NeuroscanImplement.__read_data - INFO - 发送处理数据完毕
2025-02-27 18:24:59.435 - collectorLogger - NeuroscanImplement.__read_data - INFO - 发送处理数据完毕
2025-02-27 18:24:59.437 - collectorLogger - NeuroscanImplement.__read_data - INFO - 发送处理数据完毕
2025-02-27 18:24:59.438 - collectorLogger - NeuroscanImplement.__read_data - INFO - 发送处理数据完毕
2025-02-27 18:24:59.440 - collectorLogger - NeuroscanImplement.__read_data - INFO - 发送处理数据完毕
2025-02-27 18:24:59.442 - collectorLogger - NeuroscanImplement.__read_data - INFO - 发送处理数据完毕
2025-02-27 18:24:59.443 - collectorLogger - NeuroscanImplement.__read_data - INFO - 发送处理数据完毕
2025-02-27 18:24:59.445 - collectorLogger - NeuroscanImplement.__read_data - INFO - 发送处理数据完毕
2025-02-27 18:24:59.447 - collectorLogger - NeuroscanImplement.__read_data - INFO - 发送处理数据完毕
2025-02-27 18:24:59.449 - collectorLogger - NeuroscanImplement.__read_data - INFO - 发送处理数据完毕
2025-02-27 18:24:59.452 - collectorLogger - NeuroscanImplement.__read_data - INFO - 发送处理数据完毕
2025-02-27 18:24:59.454 - collectorLogger - NeuroscanImplement.__read_data - INFO - 发送处理数据完毕
2025-02-27 18:24:59.456 - collectorLogger - NeuroscanImplement.__read_data - INFO - 发送处理数据完毕
2025-02-27 18:24:59.458 - collectorLogger - NeuroscanImplement.__read_data - INFO - 发送处理数据完毕
2025-02-27 18:24:59.459 - collectorLogger - NeuroscanImplement.__read_data - INFO - 发送处理数据完毕
2025-02-27 18:24:59.461 - collectorLogger - NeuroscanImplement.__read_data - INFO - 发送处理数据完毕
2025-02-27 18:24:59.463 - collectorLogger - NeuroscanImplement.__read_data - INFO - 发送处理数据完毕
2025-02-27 18:24:59.464 - collectorLogger - NeuroscanImplement.__read_data - INFO - 发送处理数据完毕
2025-02-27 18:24:59.466 - collectorLogger - NeuroscanImplement.__read_data - INFO - 发送处理数据完毕
2025-02-27 18:24:59.469 - collectorLogger - NeuroscanImplement.__read_data - INFO - 发送处理数据完毕
2025-02-27 18:24:59.472 - collectorLogger - NeuroscanImplement.__read_data - INFO - 发送处理数据完毕
2025-02-27 18:24:59.474 - collectorLogger - NeuroscanImplement.__read_data - INFO - 发送处理数据完毕
2025-02-27 18:24:59.476 - collectorLogger - NeuroscanImplement.__read_data - INFO - 发送处理数据完毕
2025-02-27 18:24:59.478 - collectorLogger - NeuroscanImplement.__read_data - INFO - 发送处理数据完毕
2025-02-27 18:24:59.480 - collectorLogger - NeuroscanImplement.__read_data - INFO - 发送处理数据完毕
2025-02-27 18:24:59.481 - collectorLogger - NeuroscanImplement.__read_data - INFO - 发送处理数据完毕
2025-02-27 18:24:59.483 - collectorLogger - NeuroscanImplement.__read_data - INFO - 发送处理数据完毕
2025-02-27 18:24:59.486 - collectorLogger - NeuroscanImplement.__read_data - INFO - 发送处理数据完毕
2025-02-27 18:24:59.488 - collectorLogger - NeuroscanImplement.__read_data - INFO - 发送处理数据完毕
2025-02-27 18:24:59.490 - collectorLogger - NeuroscanImplement.__read_data - INFO - 发送处理数据完毕
2025-02-27 18:24:59.491 - collectorLogger - NeuroscanImplement.__read_data - INFO - 发送处理数据完毕
2025-02-27 18:24:59.493 - collectorLogger - NeuroscanImplement.__read_data - INFO - 发送处理数据完毕
2025-02-27 18:24:59.495 - collectorLogger - NeuroscanImplement.__read_data - INFO - 发送处理数据完毕
2025-02-27 18:24:59.496 - collectorLogger - NeuroscanImplement.__read_data - INFO - 发送处理数据完毕
2025-02-27 18:24:59.499 - collectorLogger - NeuroscanImplement.__read_data - INFO - 发送处理数据完毕
2025-02-27 18:24:59.503 - collectorLogger - NeuroscanImplement.__read_data - INFO - 发送处理数据完毕
2025-02-27 18:24:59.506 - collectorLogger - NeuroscanImplement.__read_data - INFO - 发送处理数据完毕
2025-02-27 18:24:59.508 - collectorLogger - NeuroscanImplement.__read_data - INFO - 发送处理数据完毕
2025-02-27 18:24:59.509 - collectorLogger - NeuroscanImplement.__read_data - INFO - 发送处理数据完毕
2025-02-27 18:24:59.511 - collectorLogger - NeuroscanImplement.__read_data - INFO - 发送处理数据完毕
2025-02-27 18:24:59.512 - collectorLogger - NeuroscanImplement.__read_data - INFO - 发送处理数据完毕
2025-02-27 18:24:59.514 - collectorLogger - NeuroscanImplement.__read_data - INFO - 发送处理数据完毕
2025-02-27 18:24:59.515 - collectorLogger - NeuroscanImplement.__read_data - INFO - 发送处理数据完毕
2025-02-27 18:24:59.517 - collectorLogger - NeuroscanImplement.__read_data - INFO - 发送处理数据完毕
2025-02-27 18:24:59.518 - collectorLogger - NeuroscanImplement.__read_data - INFO - 发送处理数据完毕
2025-02-27 18:24:59.520 - collectorLogger - NeuroscanImplement.__read_data - INFO - 发送处理数据完毕
2025-02-27 18:24:59.521 - collectorLogger - NeuroscanImplement.__read_data - INFO - 发送处理数据完毕
2025-02-27 18:24:59.523 - collectorLogger - NeuroscanImplement.__read_data - INFO - 发送处理数据完毕
2025-02-27 18:24:59.524 - collectorLogger - NeuroscanImplement.__read_data - INFO - 发送处理数据完毕
2025-02-27 18:24:59.525 - collectorLogger - NeuroscanImplement.__read_data - INFO - 发送处理数据完毕
2025-02-27 18:24:59.527 - collectorLogger - NeuroscanImplement.__read_data - INFO - 发送处理数据完毕
2025-02-27 18:24:59.528 - collectorLogger - NeuroscanImplement.__read_data - INFO - 发送处理数据完毕
2025-02-27 18:24:59.529 - collectorLogger - NeuroscanImplement.__read_data - INFO - 发送处理数据完毕
2025-02-27 18:24:59.531 - collectorLogger - NeuroscanImplement.__read_data - INFO - 发送处理数据完毕
2025-02-27 18:24:59.532 - collectorLogger - NeuroscanImplement.__read_data - INFO - 发送处理数据完毕
2025-02-27 18:24:59.533 - collectorLogger - NeuroscanImplement.__read_data - INFO - 发送处理数据完毕
2025-02-27 18:24:59.535 - collectorLogger - NeuroscanImplement.__read_data - INFO - 发送处理数据完毕
2025-02-27 18:24:59.536 - collectorLogger - NeuroscanImplement.__read_data - INFO - 发送处理数据完毕
2025-02-27 18:24:59.538 - collectorLogger - NeuroscanImplement.__read_data - INFO - 发送处理数据完毕
2025-02-27 18:24:59.539 - collectorLogger - NeuroscanImplement.__read_data - INFO - 发送处理数据完毕
2025-02-27 18:24:59.541 - collectorLogger - NeuroscanImplement.__read_data - INFO - 发送处理数据完毕
2025-02-27 18:24:59.542 - collectorLogger - NeuroscanImplement.__read_data - INFO - 发送处理数据完毕
2025-02-27 18:24:59.544 - collectorLogger - NeuroscanImplement.__read_data - INFO - 发送处理数据完毕
2025-02-27 18:24:59.545 - collectorLogger - NeuroscanImplement.__read_data - INFO - 发送处理数据完毕
2025-02-27 18:24:59.547 - collectorLogger - NeuroscanImplement.__read_data - INFO - 发送处理数据完毕
2025-02-27 18:24:59.548 - collectorLogger - NeuroscanImplement.__read_data - INFO - 发送处理数据完毕
2025-02-27 18:24:59.549 - collectorLogger - NeuroscanImplement.__read_data - INFO - 发送处理数据完毕
2025-02-27 18:24:59.551 - collectorLogger - NeuroscanImplement.__read_data - INFO - 发送处理数据完毕
2025-02-27 18:24:59.552 - collectorLogger - NeuroscanImplement.__read_data - INFO - 发送处理数据完毕
2025-02-27 18:24:59.553 - collectorLogger - NeuroscanImplement.__read_data - INFO - 发送处理数据完毕
2025-02-27 18:24:59.555 - collectorLogger - NeuroscanImplement.__read_data - INFO - 发送处理数据完毕
2025-02-27 18:24:59.557 - collectorLogger - NeuroscanImplement.__read_data - INFO - 发送处理数据完毕
2025-02-27 18:24:59.562 - collectorLogger - NeuroscanImplement.__read_data - INFO - 发送处理数据完毕
2025-02-27 18:24:59.568 - collectorLogger - NeuroscanImplement.__read_data - INFO - 发送处理数据完毕
2025-02-27 18:24:59.570 - collectorLogger - NeuroscanImplement.__read_data - INFO - 发送处理数据完毕
2025-02-27 18:24:59.571 - collectorLogger - NeuroscanImplement.__read_data - INFO - 发送处理数据完毕
2025-02-27 18:24:59.573 - collectorLogger - NeuroscanImplement.__read_data - INFO - 发送处理数据完毕
2025-02-27 18:24:59.575 - collectorLogger - NeuroscanImplement.__read_data - INFO - 发送处理数据完毕
2025-02-27 18:24:59.577 - collectorLogger - NeuroscanImplement.__read_data - INFO - 发送处理数据完毕
2025-02-27 18:24:59.579 - collectorLogger - NeuroscanImplement.__read_data - INFO - 发送处理数据完毕
2025-02-27 18:24:59.581 - collectorLogger - NeuroscanImplement.__read_data - INFO - 发送处理数据完毕
2025-02-27 18:24:59.582 - collectorLogger - NeuroscanImplement.__read_data - INFO - 发送处理数据完毕
2025-02-27 18:24:59.585 - collectorLogger - NeuroscanImplement.__read_data - INFO - 发送处理数据完毕
2025-02-27 18:24:59.587 - collectorLogger - NeuroscanImplement.__read_data - INFO - 发送处理数据完毕
2025-02-27 18:24:59.595 - collectorLogger - NeuroscanImplement.__read_data - INFO - 发送处理数据完毕
2025-02-27 18:24:59.596 - collectorLogger - NeuroscanImplement.__read_data - INFO - 发送处理数据完毕
2025-02-27 18:24:59.598 - collectorLogger - NeuroscanImplement.__read_data - INFO - 发送处理数据完毕
2025-02-27 18:24:59.608 - collectorLogger - NeuroscanImplement.__read_data - INFO - 发送处理数据完毕
2025-02-27 18:24:59.610 - collectorLogger - NeuroscanImplement.__read_data - INFO - 发送处理数据完毕
2025-02-27 18:24:59.612 - collectorLogger - NeuroscanImplement.__read_data - INFO - 发送处理数据完毕
2025-02-27 18:24:59.614 - collectorLogger - NeuroscanImplement.__read_data - INFO - 发送处理数据完毕
2025-02-27 18:24:59.615 - collectorLogger - NeuroscanImplement.__read_data - INFO - 发送处理数据完毕
2025-02-27 18:24:59.618 - collectorLogger - NeuroscanImplement.__read_data - INFO - 发送处理数据完毕
2025-02-27 18:24:59.620 - collectorLogger - NeuroscanImplement.__read_data - INFO - 发送处理数据完毕
2025-02-27 18:24:59.622 - collectorLogger - NeuroscanImplement.__read_data - INFO - 发送处理数据完毕
2025-02-27 18:24:59.624 - collectorLogger - NeuroscanImplement.__read_data - INFO - 发送处理数据完毕
2025-02-27 18:24:59.627 - collectorLogger - NeuroscanImplement.__read_data - INFO - 发送处理数据完毕
2025-02-27 18:24:59.629 - collectorLogger - NeuroscanImplement.__read_data - INFO - 发送处理数据完毕
2025-02-27 18:24:59.632 - collectorLogger - NeuroscanImplement.__read_data - INFO - 发送处理数据完毕
2025-02-27 18:24:59.634 - collectorLogger - NeuroscanImplement.__read_data - INFO - 发送处理数据完毕
2025-02-27 18:24:59.636 - collectorLogger - NeuroscanImplement.__read_data - INFO - 发送处理数据完毕
2025-02-27 18:24:59.638 - collectorLogger - NeuroscanImplement.__read_data - INFO - 发送处理数据完毕
2025-02-27 18:24:59.640 - collectorLogger - NeuroscanImplement.__read_data - INFO - 发送处理数据完毕
2025-02-27 18:24:59.642 - collectorLogger - NeuroscanImplement.__read_data - INFO - 发送处理数据完毕
2025-02-27 18:24:59.644 - collectorLogger - NeuroscanImplement.__read_data - INFO - 发送处理数据完毕
2025-02-27 18:24:59.646 - collectorLogger - NeuroscanImplement.__read_data - INFO - 发送处理数据完毕
2025-02-27 18:24:59.647 - collectorLogger - NeuroscanImplement.__read_data - INFO - 发送处理数据完毕
2025-02-27 18:24:59.649 - collectorLogger - NeuroscanImplement.__read_data - INFO - 发送处理数据完毕
2025-02-27 18:24:59.653 - collectorLogger - NeuroscanImplement.__read_data - INFO - 发送处理数据完毕
2025-02-27 18:24:59.655 - collectorLogger - NeuroscanImplement.__read_data - INFO - 发送处理数据完毕
2025-02-27 18:24:59.657 - collectorLogger - NeuroscanImplement.__read_data - INFO - 发送处理数据完毕
2025-02-27 18:24:59.659 - collectorLogger - NeuroscanImplement.__read_data - INFO - 发送处理数据完毕
2025-02-27 18:24:59.662 - collectorLogger - NeuroscanImplement.__read_data - INFO - 发送处理数据完毕
2025-02-27 18:24:59.664 - collectorLogger - NeuroscanImplement.__read_data - INFO - 发送处理数据完毕
2025-02-27 18:24:59.668 - collectorLogger - NeuroscanImplement.__read_data - INFO - 发送处理数据完毕
2025-02-27 18:24:59.672 - collectorLogger - NeuroscanImplement.__read_data - INFO - 发送处理数据完毕
2025-02-27 18:24:59.674 - collectorLogger - NeuroscanImplement.__read_data - INFO - 发送处理数据完毕
2025-02-27 18:24:59.677 - collectorLogger - NeuroscanImplement.__read_data - INFO - 发送处理数据完毕
2025-02-27 18:24:59.680 - collectorLogger - NeuroscanImplement.__read_data - INFO - 发送处理数据完毕
2025-02-27 18:24:59.682 - collectorLogger - NeuroscanImplement.__read_data - INFO - 发送处理数据完毕
2025-02-27 18:24:59.686 - collectorLogger - NeuroscanImplement.__read_data - INFO - 发送处理数据完毕
2025-02-27 18:24:59.688 - collectorLogger - NeuroscanImplement.__read_data - INFO - 发送处理数据完毕
2025-02-27 18:24:59.691 - collectorLogger - NeuroscanImplement.__read_data - INFO - 发送处理数据完毕
2025-02-27 18:24:59.694 - collectorLogger - NeuroscanImplement.__read_data - INFO - 发送处理数据完毕
2025-02-27 18:24:59.696 - collectorLogger - NeuroscanImplement.__read_data - INFO - 发送处理数据完毕
2025-02-27 18:24:59.703 - collectorLogger - NeuroscanImplement.__read_data - INFO - 发送处理数据完毕
2025-02-27 18:24:59.705 - collectorLogger - NeuroscanImplement.__read_data - INFO - 发送处理数据完毕
2025-02-27 18:24:59.708 - collectorLogger - NeuroscanImplement.__read_data - INFO - 发送处理数据完毕
2025-02-27 18:24:59.710 - collectorLogger - NeuroscanImplement.__read_data - INFO - 发送处理数据完毕
2025-02-27 18:24:59.713 - collectorLogger - NeuroscanImplement.__read_data - INFO - 发送处理数据完毕
2025-02-27 18:24:59.715 - collectorLogger - NeuroscanImplement.__read_data - INFO - 发送处理数据完毕
2025-02-27 18:24:59.720 - collectorLogger - NeuroscanImplement.__read_data - INFO - 发送处理数据完毕
2025-02-27 18:24:59.723 - collectorLogger - NeuroscanImplement.__read_data - INFO - 发送处理数据完毕
2025-02-27 18:24:59.726 - collectorLogger - NeuroscanImplement.__read_data - INFO - 发送处理数据完毕
2025-02-27 18:24:59.729 - collectorLogger - NeuroscanImplement.__read_data - INFO - 发送处理数据完毕
2025-02-27 18:24:59.731 - collectorLogger - NeuroscanImplement.__read_data - INFO - 发送处理数据完毕
2025-02-27 18:24:59.736 - collectorLogger - NeuroscanImplement.__read_data - INFO - 发送处理数据完毕
2025-02-27 18:24:59.738 - collectorLogger - NeuroscanImplement.__read_data - INFO - 发送处理数据完毕
2025-02-27 18:24:59.741 - collectorLogger - NeuroscanImplement.__read_data - INFO - 发送处理数据完毕
2025-02-27 18:24:59.744 - collectorLogger - NeuroscanImplement.__read_data - INFO - 发送处理数据完毕
2025-02-27 18:24:59.746 - collectorLogger - NeuroscanImplement.__read_data - INFO - 发送处理数据完毕
2025-02-27 18:24:59.753 - collectorLogger - NeuroscanImplement.__read_data - INFO - 发送处理数据完毕
2025-02-27 18:24:59.756 - collectorLogger - NeuroscanImplement.__read_data - INFO - 发送处理数据完毕
2025-02-27 18:24:59.757 - collectorLogger - NeuroscanImplement.__read_data - INFO - 发送处理数据完毕
2025-02-27 18:24:59.759 - collectorLogger - NeuroscanImplement.__read_data - INFO - 发送处理数据完毕
2025-02-27 18:24:59.761 - collectorLogger - NeuroscanImplement.__read_data - INFO - 发送处理数据完毕
2025-02-27 18:24:59.764 - collectorLogger - NeuroscanImplement.__read_data - INFO - 发送处理数据完毕
2025-02-27 18:24:59.774 - collectorLogger - NeuroscanImplement.__read_data - INFO - 发送处理数据完毕
2025-02-27 18:24:59.776 - collectorLogger - NeuroscanImplement.__read_data - INFO - 发送处理数据完毕
2025-02-27 18:24:59.778 - collectorLogger - NeuroscanImplement.__read_data - INFO - 发送处理数据完毕
2025-02-27 18:24:59.780 - collectorLogger - NeuroscanImplement.__read_data - INFO - 发送处理数据完毕
2025-02-27 18:24:59.782 - collectorLogger - NeuroscanImplement.__read_data - INFO - 发送处理数据完毕
2025-02-27 18:24:59.784 - collectorLogger - NeuroscanImplement.__read_data - INFO - 发送处理数据完毕
2025-02-27 18:24:59.786 - collectorLogger - NeuroscanImplement.__read_data - INFO - 发送处理数据完毕
2025-02-27 18:24:59.788 - collectorLogger - NeuroscanImplement.__read_data - INFO - 发送处理数据完毕
2025-02-27 18:24:59.789 - collectorLogger - NeuroscanImplement.__read_data - INFO - 发送处理数据完毕
2025-02-27 18:24:59.791 - collectorLogger - NeuroscanImplement.__read_data - INFO - 发送处理数据完毕
2025-02-27 18:24:59.793 - collectorLogger - NeuroscanImplement.__read_data - INFO - 发送处理数据完毕
2025-02-27 18:24:59.794 - collectorLogger - NeuroscanImplement.__read_data - INFO - 发送处理数据完毕
2025-02-27 18:24:59.796 - collectorLogger - NeuroscanImplement.__read_data - INFO - 发送处理数据完毕
2025-02-27 18:24:59.798 - collectorLogger - NeuroscanImplement.__read_data - INFO - 发送处理数据完毕
2025-02-27 18:24:59.800 - collectorLogger - NeuroscanImplement.__read_data - INFO - 发送处理数据完毕
2025-02-27 18:24:59.803 - collectorLogger - NeuroscanImplement.__read_data - INFO - 发送处理数据完毕
2025-02-27 18:24:59.804 - collectorLogger - NeuroscanImplement.__read_data - INFO - 发送处理数据完毕
2025-02-27 18:24:59.806 - collectorLogger - NeuroscanImplement.__read_data - INFO - 发送处理数据完毕
2025-02-27 18:24:59.807 - collectorLogger - NeuroscanImplement.__read_data - INFO - 发送处理数据完毕
2025-02-27 18:24:59.809 - collectorLogger - NeuroscanImplement.__read_data - INFO - 发送处理数据完毕
2025-02-27 18:24:59.811 - collectorLogger - NeuroscanImplement.__read_data - INFO - 发送处理数据完毕
2025-02-27 18:24:59.812 - collectorLogger - NeuroscanImplement.__read_data - INFO - 发送处理数据完毕
2025-02-27 18:24:59.814 - collectorLogger - NeuroscanImplement.__read_data - INFO - 发送处理数据完毕
2025-02-27 18:24:59.819 - collectorLogger - NeuroscanImplement.__read_data - INFO - 发送处理数据完毕
2025-02-27 18:24:59.821 - collectorLogger - NeuroscanImplement.__read_data - INFO - 发送处理数据完毕
2025-02-27 18:24:59.823 - collectorLogger - NeuroscanImplement.__read_data - INFO - 发送处理数据完毕
2025-02-27 18:24:59.825 - collectorLogger - NeuroscanImplement.__read_data - INFO - 发送处理数据完毕
2025-02-27 18:24:59.826 - collectorLogger - NeuroscanImplement.__read_data - INFO - 发送处理数据完毕
2025-02-27 18:24:59.828 - collectorLogger - NeuroscanImplement.__read_data - INFO - 发送处理数据完毕
2025-02-27 18:24:59.830 - collectorLogger - NeuroscanImplement.__read_data - INFO - 发送处理数据完毕
2025-02-27 18:24:59.832 - collectorLogger - NeuroscanImplement.__read_data - INFO - 发送处理数据完毕
2025-02-27 18:24:59.834 - collectorLogger - NeuroscanImplement.__read_data - INFO - 发送处理数据完毕
2025-02-27 18:24:59.835 - collectorLogger - NeuroscanImplement.__read_data - INFO - 发送处理数据完毕
2025-02-27 18:24:59.837 - collectorLogger - NeuroscanImplement.__read_data - INFO - 发送处理数据完毕
2025-02-27 18:24:59.839 - collectorLogger - NeuroscanImplement.__read_data - INFO - 发送处理数据完毕
2025-02-27 18:24:59.841 - collectorLogger - NeuroscanImplement.__read_data - INFO - 发送处理数据完毕
2025-02-27 18:24:59.843 - collectorLogger - NeuroscanImplement.__read_data - INFO - 发送处理数据完毕
2025-02-27 18:24:59.846 - collectorLogger - NeuroscanImplement.__read_data - INFO - 发送处理数据完毕
2025-02-27 18:24:59.848 - collectorLogger - NeuroscanImplement.__read_data - INFO - 发送处理数据完毕
2025-02-27 18:24:59.852 - collectorLogger - NeuroscanImplement.__read_data - INFO - 发送处理数据完毕
2025-02-27 18:24:59.854 - collectorLogger - NeuroscanImplement.__read_data - INFO - 发送处理数据完毕
2025-02-27 18:24:59.856 - collectorLogger - NeuroscanImplement.__read_data - INFO - 发送处理数据完毕
2025-02-27 18:24:59.858 - collectorLogger - NeuroscanImplement.__read_data - INFO - 发送处理数据完毕
2025-02-27 18:24:59.860 - collectorLogger - NeuroscanImplement.__read_data - INFO - 发送处理数据完毕
2025-02-27 18:24:59.862 - collectorLogger - NeuroscanImplement.__read_data - INFO - 发送处理数据完毕
2025-02-27 18:24:59.865 - collectorLogger - NeuroscanImplement.__read_data - INFO - 发送处理数据完毕
2025-02-27 18:24:59.868 - collectorLogger - NeuroscanImplement.__read_data - INFO - 发送处理数据完毕
2025-02-27 18:24:59.871 - collectorLogger - NeuroscanImplement.__read_data - INFO - 发送处理数据完毕
2025-02-27 18:24:59.873 - collectorLogger - NeuroscanImplement.__read_data - INFO - 发送处理数据完毕
2025-02-27 18:24:59.874 - collectorLogger - NeuroscanImplement.__read_data - INFO - 发送处理数据完毕
2025-02-27 18:24:59.877 - collectorLogger - NeuroscanImplement.__read_data - INFO - 发送处理数据完毕
2025-02-27 18:24:59.879 - collectorLogger - NeuroscanImplement.__read_data - INFO - 发送处理数据完毕
2025-02-27 18:24:59.881 - collectorLogger - NeuroscanImplement.__read_data - INFO - 发送处理数据完毕
2025-02-27 18:24:59.886 - collectorLogger - NeuroscanImplement.__read_data - INFO - 发送处理数据完毕
2025-02-27 18:24:59.888 - collectorLogger - NeuroscanImplement.__read_data - INFO - 发送处理数据完毕
2025-02-27 18:24:59.890 - collectorLogger - NeuroscanImplement.__read_data - INFO - 发送处理数据完毕
2025-02-27 18:24:59.903 - collectorLogger - NeuroscanImplement.__read_data - INFO - 发送处理数据完毕
2025-02-27 18:24:59.906 - collectorLogger - NeuroscanImplement.__read_data - INFO - 发送处理数据完毕
2025-02-27 18:24:59.908 - collectorLogger - NeuroscanImplement.__read_data - INFO - 发送处理数据完毕
2025-02-27 18:24:59.910 - collectorLogger - NeuroscanImplement.__read_data - INFO - 发送处理数据完毕
2025-02-27 18:24:59.913 - collectorLogger - NeuroscanImplement.__read_data - INFO - 发送处理数据完毕
2025-02-27 18:24:59.915 - collectorLogger - NeuroscanImplement.__read_data - INFO - 发送处理数据完毕
2025-02-27 18:24:59.919 - collectorLogger - NeuroscanImplement.__read_data - INFO - 发送处理数据完毕
2025-02-27 18:24:59.922 - collectorLogger - NeuroscanImplement.__read_data - INFO - 发送处理数据完毕
2025-02-27 18:24:59.925 - collectorLogger - NeuroscanImplement.__read_data - INFO - 发送处理数据完毕
2025-02-27 18:24:59.928 - collectorLogger - NeuroscanImplement.__read_data - INFO - 发送处理数据完毕
2025-02-27 18:24:59.931 - collectorLogger - NeuroscanImplement.__read_data - INFO - 发送处理数据完毕
2025-02-27 18:24:59.935 - collectorLogger - NeuroscanImplement.__read_data - INFO - 发送处理数据完毕
2025-02-27 18:24:59.939 - collectorLogger - NeuroscanImplement.__read_data - INFO - 发送处理数据完毕
2025-02-27 18:24:59.941 - collectorLogger - NeuroscanImplement.__read_data - INFO - 发送处理数据完毕
2025-02-27 18:24:59.943 - collectorLogger - NeuroscanImplement.__read_data - INFO - 发送处理数据完毕
2025-02-27 18:24:59.946 - collectorLogger - NeuroscanImplement.__read_data - INFO - 发送处理数据完毕
2025-02-27 18:24:59.948 - collectorLogger - NeuroscanImplement.__read_data - INFO - 发送处理数据完毕
2025-02-27 18:24:59.951 - collectorLogger - NeuroscanImplement.__read_data - INFO - 发送处理数据完毕
2025-02-27 18:24:59.953 - collectorLogger - NeuroscanImplement.__read_data - INFO - 发送处理数据完毕
2025-02-27 18:24:59.954 - collectorLogger - NeuroscanImplement.__read_data - INFO - 发送处理数据完毕
2025-02-27 18:24:59.957 - collectorLogger - NeuroscanImplement.__read_data - INFO - 发送处理数据完毕
2025-02-27 18:24:59.959 - collectorLogger - NeuroscanImplement.__read_data - INFO - 发送处理数据完毕
2025-02-27 18:24:59.965 - collectorLogger - NeuroscanImplement.__read_data - INFO - 发送处理数据完毕
2025-02-27 18:24:59.975 - collectorLogger - NeuroscanImplement.__read_data - INFO - 发送处理数据完毕
2025-02-27 18:24:59.979 - collectorLogger - NeuroscanImplement.__read_data - INFO - 发送处理数据完毕
2025-02-27 18:24:59.985 - collectorLogger - NeuroscanImplement.__read_data - INFO - 发送处理数据完毕
2025-02-27 18:24:59.987 - collectorLogger - NeuroscanImplement.__read_data - INFO - 发送处理数据完毕
2025-02-27 18:24:59.990 - collectorLogger - NeuroscanImplement.__read_data - INFO - 发送处理数据完毕
2025-02-27 18:24:59.993 - collectorLogger - NeuroscanImplement.__read_data - INFO - 发送处理数据完毕
2025-02-27 18:24:59.995 - collectorLogger - NeuroscanImplement.__read_data - INFO - 发送处理数据完毕
2025-02-27 18:24:59.996 - collectorLogger - NeuroscanImplement.__read_data - INFO - 发送处理数据完毕
2025-02-27 18:24:59.998 - collectorLogger - NeuroscanImplement.__read_data - INFO - 发送处理数据完毕
2025-02-27 18:25:00.001 - collectorLogger - NeuroscanImplement.__read_data - INFO - 发送处理数据完毕
2025-02-27 18:25:00.004 - collectorLogger - NeuroscanImplement.__read_data - INFO - 发送处理数据完毕
2025-02-27 18:25:00.006 - collectorLogger - NeuroscanImplement.__read_data - INFO - 发送处理数据完毕
2025-02-27 18:25:00.010 - collectorLogger - NeuroscanImplement.__read_data - INFO - 发送处理数据完毕
2025-02-27 18:25:00.012 - collectorLogger - NeuroscanImplement.__read_data - INFO - 发送处理数据完毕
2025-02-27 18:25:00.014 - collectorLogger - NeuroscanImplement.__read_data - INFO - 发送处理数据完毕
2025-02-27 18:25:00.016 - collectorLogger - NeuroscanImplement.__read_data - INFO - 发送处理数据完毕
2025-02-27 18:25:00.018 - collectorLogger - NeuroscanImplement.__read_data - INFO - 发送处理数据完毕
2025-02-27 18:25:00.021 - collectorLogger - NeuroscanImplement.__read_data - INFO - 发送处理数据完毕
2025-02-27 18:25:00.024 - collectorLogger - NeuroscanImplement.__read_data - INFO - 发送处理数据完毕
2025-02-27 18:25:00.026 - collectorLogger - NeuroscanImplement.__read_data - INFO - 发送处理数据完毕
2025-02-27 18:25:00.029 - collectorLogger - NeuroscanImplement.__read_data - INFO - 发送处理数据完毕
2025-02-27 18:25:00.031 - collectorLogger - NeuroscanImplement.__read_data - INFO - 发送处理数据完毕
2025-02-27 18:25:00.034 - collectorLogger - NeuroscanImplement.__read_data - INFO - 发送处理数据完毕
2025-02-27 18:25:00.036 - collectorLogger - NeuroscanImplement.__read_data - INFO - 发送处理数据完毕
2025-02-27 18:25:00.038 - collectorLogger - NeuroscanImplement.__read_data - INFO - 发送处理数据完毕
2025-02-27 18:25:00.040 - collectorLogger - NeuroscanImplement.__read_data - INFO - 发送处理数据完毕
2025-02-27 18:25:00.042 - collectorLogger - NeuroscanImplement.__read_data - INFO - 发送处理数据完毕
2025-02-27 18:25:00.043 - collectorLogger - NeuroscanImplement.__read_data - INFO - 发送处理数据完毕
2025-02-27 18:25:00.045 - collectorLogger - NeuroscanImplement.__read_data - INFO - 发送处理数据完毕
2025-02-27 18:25:00.047 - collectorLogger - NeuroscanImplement.__read_data - INFO - 发送处理数据完毕
2025-02-27 18:25:00.048 - collectorLogger - NeuroscanImplement.__read_data - INFO - 发送处理数据完毕
2025-02-27 18:25:00.050 - collectorLogger - NeuroscanImplement.__read_data - INFO - 发送处理数据完毕
2025-02-27 18:25:00.052 - collectorLogger - NeuroscanImplement.__read_data - INFO - 发送处理数据完毕
2025-02-27 18:25:00.054 - collectorLogger - NeuroscanImplement.__read_data - INFO - 发送处理数据完毕
2025-02-27 18:25:00.055 - collectorLogger - NeuroscanImplement.__read_data - INFO - 发送处理数据完毕
2025-02-27 18:25:00.057 - collectorLogger - NeuroscanImplement.__read_data - INFO - 发送处理数据完毕
2025-02-27 18:25:00.058 - collectorLogger - NeuroscanImplement.__read_data - INFO - 发送处理数据完毕
2025-02-27 18:25:00.060 - collectorLogger - NeuroscanImplement.__read_data - INFO - 发送处理数据完毕
2025-02-27 18:25:00.061 - collectorLogger - NeuroscanImplement.__read_data - INFO - 发送处理数据完毕
2025-02-27 18:25:00.063 - collectorLogger - NeuroscanImplement.__read_data - INFO - 发送处理数据完毕
2025-02-27 18:25:00.065 - collectorLogger - NeuroscanImplement.__read_data - INFO - 发送处理数据完毕
2025-02-27 18:25:00.066 - collectorLogger - NeuroscanImplement.__read_data - INFO - 发送处理数据完毕
2025-02-27 18:25:00.068 - collectorLogger - NeuroscanImplement.__read_data - INFO - 发送处理数据完毕
2025-02-27 18:25:00.070 - collectorLogger - NeuroscanImplement.__read_data - INFO - 发送处理数据完毕
2025-02-27 18:25:00.071 - collectorLogger - NeuroscanImplement.__read_data - INFO - 发送处理数据完毕
2025-02-27 18:25:00.073 - collectorLogger - NeuroscanImplement.__read_data - INFO - 发送处理数据完毕
2025-02-27 18:25:00.074 - collectorLogger - NeuroscanImplement.__read_data - INFO - 发送处理数据完毕
2025-02-27 18:25:00.076 - collectorLogger - NeuroscanImplement.__read_data - INFO - 发送处理数据完毕
2025-02-27 18:25:00.077 - collectorLogger - NeuroscanImplement.__read_data - INFO - 发送处理数据完毕
2025-02-27 18:25:00.079 - collectorLogger - NeuroscanImplement.__read_data - INFO - 发送处理数据完毕
2025-02-27 18:25:00.080 - collectorLogger - NeuroscanImplement.__read_data - INFO - 发送处理数据完毕
2025-02-27 18:25:00.082 - collectorLogger - NeuroscanImplement.__read_data - INFO - 发送处理数据完毕
2025-02-27 18:25:00.084 - collectorLogger - NeuroscanImplement.__read_data - INFO - 发送处理数据完毕
2025-02-27 18:25:00.085 - collectorLogger - NeuroscanImplement.__read_data - INFO - 发送处理数据完毕
2025-02-27 18:25:00.087 - collectorLogger - NeuroscanImplement.__read_data - INFO - 发送处理数据完毕
2025-02-27 18:25:00.088 - collectorLogger - NeuroscanImplement.__read_data - INFO - 发送处理数据完毕
2025-02-27 18:25:00.090 - collectorLogger - NeuroscanImplement.__read_data - INFO - 发送处理数据完毕
2025-02-27 18:25:00.091 - collectorLogger - NeuroscanImplement.__read_data - INFO - 发送处理数据完毕
2025-02-27 18:25:00.093 - collectorLogger - NeuroscanImplement.__read_data - INFO - 发送处理数据完毕
2025-02-27 18:25:00.094 - collectorLogger - NeuroscanImplement.__read_data - INFO - 发送处理数据完毕
2025-02-27 18:25:00.096 - collectorLogger - NeuroscanImplement.__read_data - INFO - 发送处理数据完毕
2025-02-27 18:25:00.098 - collectorLogger - NeuroscanImplement.__read_data - INFO - 发送处理数据完毕
2025-02-27 18:25:01.530 - collectorLogger - NeuroscanImplement.__read_data - INFO - 发送处理数据完毕
2025-02-27 18:25:01.532 - collectorLogger - NeuroscanImplement.__read_data - INFO - 发送处理数据完毕
2025-02-27 18:25:01.537 - collectorLogger - NeuroscanImplement.__read_data - INFO - 发送处理数据完毕
2025-02-27 18:25:01.539 - collectorLogger - NeuroscanImplement.__read_data - INFO - 发送处理数据完毕
2025-02-27 18:25:01.541 - collectorLogger - NeuroscanImplement.__read_data - INFO - 发送处理数据完毕
2025-02-27 18:25:01.543 - collectorLogger - NeuroscanImplement.__read_data - INFO - 发送处理数据完毕
2025-02-27 18:25:01.545 - collectorLogger - NeuroscanImplement.__read_data - INFO - 发送处理数据完毕
2025-02-27 18:25:01.546 - collectorLogger - NeuroscanImplement.__read_data - INFO - 发送处理数据完毕
2025-02-27 18:25:01.548 - collectorLogger - NeuroscanImplement.__read_data - INFO - 发送处理数据完毕
2025-02-27 18:25:01.549 - collectorLogger - NeuroscanImplement.__read_data - INFO - 发送处理数据完毕
2025-02-27 18:25:01.552 - collectorLogger - NeuroscanImplement.__read_data - INFO - 发送处理数据完毕
2025-02-27 18:25:01.553 - collectorLogger - NeuroscanImplement.__read_data - INFO - 发送处理数据完毕
2025-02-27 18:25:01.555 - collectorLogger - NeuroscanImplement.__read_data - INFO - 发送处理数据完毕
2025-02-27 18:25:01.557 - collectorLogger - NeuroscanImplement.__read_data - INFO - 发送处理数据完毕
2025-02-27 18:25:01.559 - collectorLogger - NeuroscanImplement.__read_data - INFO - 发送处理数据完毕
2025-02-27 18:25:01.560 - collectorLogger - NeuroscanImplement.__read_data - INFO - 发送处理数据完毕
2025-02-27 18:25:01.562 - collectorLogger - NeuroscanImplement.__read_data - INFO - 发送处理数据完毕
2025-02-27 18:25:01.563 - collectorLogger - NeuroscanImplement.__read_data - INFO - 发送处理数据完毕
2025-02-27 18:25:01.565 - collectorLogger - NeuroscanImplement.__read_data - INFO - 发送处理数据完毕
2025-02-27 18:25:01.567 - collectorLogger - NeuroscanImplement.__read_data - INFO - 发送处理数据完毕
2025-02-27 18:25:01.569 - collectorLogger - NeuroscanImplement.__read_data - INFO - 发送处理数据完毕
2025-02-27 18:25:01.571 - collectorLogger - NeuroscanImplement.__read_data - INFO - 发送处理数据完毕
2025-02-27 18:25:01.572 - collectorLogger - NeuroscanImplement.__read_data - INFO - 发送处理数据完毕
2025-02-27 18:25:01.574 - collectorLogger - NeuroscanImplement.__read_data - INFO - 发送处理数据完毕
2025-02-27 18:25:01.575 - collectorLogger - NeuroscanImplement.__read_data - INFO - 发送处理数据完毕
2025-02-27 18:25:01.577 - collectorLogger - NeuroscanImplement.__read_data - INFO - 发送处理数据完毕
2025-02-27 18:25:01.578 - collectorLogger - NeuroscanImplement.__read_data - INFO - 发送处理数据完毕
2025-02-27 18:25:01.580 - collectorLogger - NeuroscanImplement.__read_data - INFO - 发送处理数据完毕
2025-02-27 18:25:01.581 - collectorLogger - NeuroscanImplement.__read_data - INFO - 发送处理数据完毕
2025-02-27 18:25:01.582 - collectorLogger - NeuroscanImplement.__read_data - INFO - 发送处理数据完毕
2025-02-27 18:25:01.584 - collectorLogger - NeuroscanImplement.__read_data - INFO - 发送处理数据完毕
2025-02-27 18:25:01.585 - collectorLogger - NeuroscanImplement.__read_data - INFO - 发送处理数据完毕
2025-02-27 18:25:01.587 - collectorLogger - NeuroscanImplement.__read_data - INFO - 发送处理数据完毕
2025-02-27 18:25:01.588 - collectorLogger - NeuroscanImplement.__read_data - INFO - 发送处理数据完毕
2025-02-27 18:25:01.590 - collectorLogger - NeuroscanImplement.__read_data - INFO - 发送处理数据完毕
2025-02-27 18:25:01.591 - collectorLogger - NeuroscanImplement.__read_data - INFO - 发送处理数据完毕
2025-02-27 18:25:01.592 - collectorLogger - NeuroscanImplement.__read_data - INFO - 发送处理数据完毕
2025-02-27 18:25:01.594 - collectorLogger - NeuroscanImplement.__read_data - INFO - 发送处理数据完毕
2025-02-27 18:25:01.595 - collectorLogger - NeuroscanImplement.__read_data - INFO - 发送处理数据完毕
2025-02-27 18:25:01.596 - collectorLogger - NeuroscanImplement.__read_data - INFO - 发送处理数据完毕
2025-02-27 18:25:01.598 - collectorLogger - NeuroscanImplement.__read_data - INFO - 发送处理数据完毕
2025-02-27 18:25:01.599 - collectorLogger - NeuroscanImplement.__read_data - INFO - 发送处理数据完毕
2025-02-27 18:25:01.601 - collectorLogger - NeuroscanImplement.__read_data - INFO - 发送处理数据完毕
2025-02-27 18:25:01.602 - collectorLogger - NeuroscanImplement.__read_data - INFO - 发送处理数据完毕
2025-02-27 18:25:01.604 - collectorLogger - NeuroscanImplement.__read_data - INFO - 发送处理数据完毕
2025-02-27 18:25:01.605 - collectorLogger - NeuroscanImplement.__read_data - INFO - 发送处理数据完毕
2025-02-27 18:25:01.607 - collectorLogger - NeuroscanImplement.__read_data - INFO - 发送处理数据完毕
2025-02-27 18:25:01.608 - collectorLogger - NeuroscanImplement.__read_data - INFO - 发送处理数据完毕
2025-02-27 18:25:01.610 - collectorLogger - NeuroscanImplement.__read_data - INFO - 发送处理数据完毕
2025-02-27 18:25:01.611 - collectorLogger - NeuroscanImplement.__read_data - INFO - 发送处理数据完毕
2025-02-27 18:25:01.612 - collectorLogger - NeuroscanImplement.__read_data - INFO - 发送处理数据完毕
2025-02-27 18:25:01.614 - collectorLogger - NeuroscanImplement.__read_data - INFO - 发送处理数据完毕
2025-02-27 18:25:01.615 - collectorLogger - NeuroscanImplement.__read_data - INFO - 发送处理数据完毕
2025-02-27 18:25:01.617 - collectorLogger - NeuroscanImplement.__read_data - INFO - 发送处理数据完毕
2025-02-27 18:25:01.619 - collectorLogger - NeuroscanImplement.__read_data - INFO - 发送处理数据完毕
2025-02-27 18:25:01.620 - collectorLogger - NeuroscanImplement.__read_data - INFO - 发送处理数据完毕
2025-02-27 18:25:01.622 - collectorLogger - NeuroscanImplement.__read_data - INFO - 发送处理数据完毕
2025-02-27 18:25:01.623 - collectorLogger - NeuroscanImplement.__read_data - INFO - 发送处理数据完毕
2025-02-27 18:25:01.625 - collectorLogger - NeuroscanImplement.__read_data - INFO - 发送处理数据完毕
2025-02-27 18:25:01.626 - collectorLogger - NeuroscanImplement.__read_data - INFO - 发送处理数据完毕
2025-02-27 18:25:01.628 - collectorLogger - NeuroscanImplement.__read_data - INFO - 发送处理数据完毕
2025-02-27 18:25:01.630 - collectorLogger - NeuroscanImplement.__read_data - INFO - 发送处理数据完毕
2025-02-27 18:25:01.631 - collectorLogger - NeuroscanImplement.__read_data - INFO - 发送处理数据完毕
2025-02-27 18:25:01.634 - collectorLogger - NeuroscanImplement.__read_data - INFO - 发送处理数据完毕
2025-02-27 18:25:01.636 - collectorLogger - NeuroscanImplement.__read_data - INFO - 发送处理数据完毕
2025-02-27 18:25:01.638 - collectorLogger - NeuroscanImplement.__read_data - INFO - 发送处理数据完毕
2025-02-27 18:25:01.640 - collectorLogger - NeuroscanImplement.__read_data - INFO - 发送处理数据完毕
2025-02-27 18:25:01.641 - collectorLogger - NeuroscanImplement.__read_data - INFO - 发送处理数据完毕
2025-02-27 18:25:01.643 - collectorLogger - NeuroscanImplement.__read_data - INFO - 发送处理数据完毕
2025-02-27 18:25:01.646 - collectorLogger - NeuroscanImplement.__read_data - INFO - 发送处理数据完毕
2025-02-27 18:25:01.647 - collectorLogger - NeuroscanImplement.__read_data - INFO - 发送处理数据完毕
2025-02-27 18:25:01.650 - collectorLogger - NeuroscanImplement.__read_data - INFO - 发送处理数据完毕
2025-02-27 18:25:01.653 - collectorLogger - NeuroscanImplement.__read_data - INFO - 发送处理数据完毕
2025-02-27 18:25:01.655 - collectorLogger - NeuroscanImplement.__read_data - INFO - 发送处理数据完毕
2025-02-27 18:25:01.657 - collectorLogger - NeuroscanImplement.__read_data - INFO - 发送处理数据完毕
2025-02-27 18:25:01.659 - collectorLogger - NeuroscanImplement.__read_data - INFO - 发送处理数据完毕
2025-02-27 18:25:01.660 - collectorLogger - NeuroscanImplement.__read_data - INFO - 发送处理数据完毕
2025-02-27 18:25:01.662 - collectorLogger - NeuroscanImplement.__read_data - INFO - 发送处理数据完毕
2025-02-27 18:25:01.665 - collectorLogger - NeuroscanImplement.__read_data - INFO - 发送处理数据完毕
2025-02-27 18:25:01.668 - collectorLogger - NeuroscanImplement.__read_data - INFO - 发送处理数据完毕
2025-02-27 18:25:01.670 - collectorLogger - NeuroscanImplement.__read_data - INFO - 发送处理数据完毕
2025-02-27 18:25:01.672 - collectorLogger - NeuroscanImplement.__read_data - INFO - 发送处理数据完毕
2025-02-27 18:25:01.674 - collectorLogger - NeuroscanImplement.__read_data - INFO - 发送处理数据完毕
2025-02-27 18:25:01.676 - collectorLogger - NeuroscanImplement.__read_data - INFO - 发送处理数据完毕
2025-02-27 18:25:01.678 - collectorLogger - NeuroscanImplement.__read_data - INFO - 发送处理数据完毕
2025-02-27 18:25:01.680 - collectorLogger - NeuroscanImplement.__read_data - INFO - 发送处理数据完毕
2025-02-27 18:25:01.681 - collectorLogger - NeuroscanImplement.__read_data - INFO - 发送处理数据完毕
2025-02-27 18:25:01.684 - collectorLogger - NeuroscanImplement.__read_data - INFO - 发送处理数据完毕
2025-02-27 18:25:01.686 - collectorLogger - NeuroscanImplement.__read_data - INFO - 发送处理数据完毕
2025-02-27 18:25:01.688 - collectorLogger - NeuroscanImplement.__read_data - INFO - 发送处理数据完毕
2025-02-27 18:25:01.690 - collectorLogger - NeuroscanImplement.__read_data - INFO - 发送处理数据完毕
2025-02-27 18:25:01.692 - collectorLogger - NeuroscanImplement.__read_data - INFO - 发送处理数据完毕
2025-02-27 18:25:01.693 - collectorLogger - NeuroscanImplement.__read_data - INFO - 发送处理数据完毕
2025-02-27 18:25:01.696 - collectorLogger - NeuroscanImplement.__read_data - INFO - 发送处理数据完毕
2025-02-27 18:25:01.697 - collectorLogger - NeuroscanImplement.__read_data - INFO - 发送处理数据完毕
2025-02-27 18:25:01.699 - collectorLogger - NeuroscanImplement.__read_data - INFO - 发送处理数据完毕
2025-02-27 18:25:01.703 - collectorLogger - NeuroscanImplement.__read_data - INFO - 发送处理数据完毕
2025-02-27 18:25:01.705 - collectorLogger - NeuroscanImplement.__read_data - INFO - 发送处理数据完毕
2025-02-27 18:25:01.706 - collectorLogger - NeuroscanImplement.__read_data - INFO - 发送处理数据完毕
2025-02-27 18:25:01.708 - collectorLogger - NeuroscanImplement.__read_data - INFO - 发送处理数据完毕
2025-02-27 18:25:01.710 - collectorLogger - NeuroscanImplement.__read_data - INFO - 发送处理数据完毕
2025-02-27 18:25:01.711 - collectorLogger - NeuroscanImplement.__read_data - INFO - 发送处理数据完毕
2025-02-27 18:25:01.713 - collectorLogger - NeuroscanImplement.__read_data - INFO - 发送处理数据完毕
2025-02-27 18:25:01.715 - collectorLogger - NeuroscanImplement.__read_data - INFO - 发送处理数据完毕
2025-02-27 18:25:01.717 - collectorLogger - NeuroscanImplement.__read_data - INFO - 发送处理数据完毕
2025-02-27 18:25:01.720 - collectorLogger - NeuroscanImplement.__read_data - INFO - 发送处理数据完毕
2025-02-27 18:25:01.721 - collectorLogger - NeuroscanImplement.__read_data - INFO - 发送处理数据完毕
2025-02-27 18:25:01.723 - collectorLogger - NeuroscanImplement.__read_data - INFO - 发送处理数据完毕
2025-02-27 18:25:01.724 - collectorLogger - NeuroscanImplement.__read_data - INFO - 发送处理数据完毕
2025-02-27 18:25:01.726 - collectorLogger - NeuroscanImplement.__read_data - INFO - 发送处理数据完毕
2025-02-27 18:25:01.727 - collectorLogger - NeuroscanImplement.__read_data - INFO - 发送处理数据完毕
2025-02-27 18:25:01.729 - collectorLogger - NeuroscanImplement.__read_data - INFO - 发送处理数据完毕
2025-02-27 18:25:01.731 - collectorLogger - NeuroscanImplement.__read_data - INFO - 发送处理数据完毕
2025-02-27 18:25:01.732 - collectorLogger - NeuroscanImplement.__read_data - INFO - 发送处理数据完毕
2025-02-27 18:25:01.734 - collectorLogger - NeuroscanImplement.__read_data - INFO - 发送处理数据完毕
2025-02-27 18:25:01.737 - collectorLogger - NeuroscanImplement.__read_data - INFO - 发送处理数据完毕
2025-02-27 18:25:01.738 - collectorLogger - NeuroscanImplement.__read_data - INFO - 发送处理数据完毕
2025-02-27 18:25:01.739 - collectorLogger - NeuroscanImplement.__read_data - INFO - 发送处理数据完毕
2025-02-27 18:25:01.741 - collectorLogger - NeuroscanImplement.__read_data - INFO - 发送处理数据完毕
2025-02-27 18:25:01.742 - collectorLogger - NeuroscanImplement.__read_data - INFO - 发送处理数据完毕
2025-02-27 18:25:01.744 - collectorLogger - NeuroscanImplement.__read_data - INFO - 发送处理数据完毕
2025-02-27 18:25:01.745 - collectorLogger - NeuroscanImplement.__read_data - INFO - 发送处理数据完毕
2025-02-27 18:25:01.747 - collectorLogger - NeuroscanImplement.__read_data - INFO - 发送处理数据完毕
2025-02-27 18:25:01.749 - collectorLogger - NeuroscanImplement.__read_data - INFO - 发送处理数据完毕
2025-02-27 18:25:01.752 - collectorLogger - NeuroscanImplement.__read_data - INFO - 发送处理数据完毕
2025-02-27 18:25:01.754 - collectorLogger - NeuroscanImplement.__read_data - INFO - 发送处理数据完毕
2025-02-27 18:25:01.757 - collectorLogger - NeuroscanImplement.__read_data - INFO - 发送处理数据完毕
2025-02-27 18:25:01.758 - collectorLogger - NeuroscanImplement.__read_data - INFO - 发送处理数据完毕
2025-02-27 18:25:01.760 - collectorLogger - NeuroscanImplement.__read_data - INFO - 发送处理数据完毕
2025-02-27 18:25:01.761 - collectorLogger - NeuroscanImplement.__read_data - INFO - 发送处理数据完毕
2025-02-27 18:25:01.763 - collectorLogger - NeuroscanImplement.__read_data - INFO - 发送处理数据完毕
2025-02-27 18:25:01.764 - collectorLogger - NeuroscanImplement.__read_data - INFO - 发送处理数据完毕
2025-02-27 18:25:01.766 - collectorLogger - NeuroscanImplement.__read_data - INFO - 发送处理数据完毕
2025-02-27 18:25:01.769 - collectorLogger - NeuroscanImplement.__read_data - INFO - 发送处理数据完毕
2025-02-27 18:25:01.770 - collectorLogger - NeuroscanImplement.__read_data - INFO - 发送处理数据完毕
2025-02-27 18:25:01.772 - collectorLogger - NeuroscanImplement.__read_data - INFO - 发送处理数据完毕
2025-02-27 18:25:01.773 - collectorLogger - NeuroscanImplement.__read_data - INFO - 发送处理数据完毕
2025-02-27 18:25:01.775 - collectorLogger - NeuroscanImplement.__read_data - INFO - 发送处理数据完毕
2025-02-27 18:25:01.776 - collectorLogger - NeuroscanImplement.__read_data - INFO - 发送处理数据完毕
2025-02-27 18:25:01.778 - collectorLogger - NeuroscanImplement.__read_data - INFO - 发送处理数据完毕
2025-02-27 18:25:01.779 - collectorLogger - NeuroscanImplement.__read_data - INFO - 发送处理数据完毕
2025-02-27 18:25:01.781 - collectorLogger - NeuroscanImplement.__read_data - INFO - 发送处理数据完毕
2025-02-27 18:25:01.782 - collectorLogger - NeuroscanImplement.__read_data - INFO - 发送处理数据完毕
2025-02-27 18:25:01.784 - collectorLogger - NeuroscanImplement.__read_data - INFO - 发送处理数据完毕
2025-02-27 18:25:01.786 - collectorLogger - NeuroscanImplement.__read_data - INFO - 发送处理数据完毕
2025-02-27 18:25:01.787 - collectorLogger - NeuroscanImplement.__read_data - INFO - 发送处理数据完毕
2025-02-27 18:25:01.789 - collectorLogger - NeuroscanImplement.__read_data - INFO - 发送处理数据完毕
2025-02-27 18:25:01.791 - collectorLogger - NeuroscanImplement.__read_data - INFO - 发送处理数据完毕
2025-02-27 18:25:01.792 - collectorLogger - NeuroscanImplement.__read_data - INFO - 发送处理数据完毕
2025-02-27 18:25:01.794 - collectorLogger - NeuroscanImplement.__read_data - INFO - 发送处理数据完毕
2025-02-27 18:25:01.795 - collectorLogger - NeuroscanImplement.__read_data - INFO - 发送处理数据完毕
2025-02-27 18:25:01.797 - collectorLogger - NeuroscanImplement.__read_data - INFO - 发送处理数据完毕
2025-02-27 18:25:01.798 - collectorLogger - NeuroscanImplement.__read_data - INFO - 发送处理数据完毕
2025-02-27 18:25:01.800 - collectorLogger - NeuroscanImplement.__read_data - INFO - 发送处理数据完毕
2025-02-27 18:25:01.802 - collectorLogger - NeuroscanImplement.__read_data - INFO - 发送处理数据完毕
2025-02-27 18:25:01.804 - collectorLogger - NeuroscanImplement.__read_data - INFO - 发送处理数据完毕
2025-02-27 18:25:01.805 - collectorLogger - NeuroscanImplement.__read_data - INFO - 发送处理数据完毕
2025-02-27 18:25:01.807 - collectorLogger - NeuroscanImplement.__read_data - INFO - 发送处理数据完毕
2025-02-27 18:25:01.808 - collectorLogger - NeuroscanImplement.__read_data - INFO - 发送处理数据完毕
2025-02-27 18:25:01.809 - collectorLogger - NeuroscanImplement.__read_data - INFO - 发送处理数据完毕
2025-02-27 18:25:01.811 - collectorLogger - NeuroscanImplement.__read_data - INFO - 发送处理数据完毕
2025-02-27 18:25:01.812 - collectorLogger - NeuroscanImplement.__read_data - INFO - 发送处理数据完毕
2025-02-27 18:25:01.814 - collectorLogger - NeuroscanImplement.__read_data - INFO - 发送处理数据完毕
2025-02-27 18:25:01.815 - collectorLogger - NeuroscanImplement.__read_data - INFO - 发送处理数据完毕
2025-02-27 18:25:01.817 - collectorLogger - NeuroscanImplement.__read_data - INFO - 发送处理数据完毕
2025-02-27 18:25:01.819 - collectorLogger - NeuroscanImplement.__read_data - INFO - 发送处理数据完毕
2025-02-27 18:25:01.821 - collectorLogger - NeuroscanImplement.__read_data - INFO - 发送处理数据完毕
2025-02-27 18:25:01.822 - collectorLogger - NeuroscanImplement.__read_data - INFO - 发送处理数据完毕
2025-02-27 18:25:01.824 - collectorLogger - NeuroscanImplement.__read_data - INFO - 发送处理数据完毕
2025-02-27 18:25:01.825 - collectorLogger - NeuroscanImplement.__read_data - INFO - 发送处理数据完毕
2025-02-27 18:25:01.827 - collectorLogger - NeuroscanImplement.__read_data - INFO - 发送处理数据完毕
2025-02-27 18:25:01.828 - collectorLogger - NeuroscanImplement.__read_data - INFO - 发送处理数据完毕
2025-02-27 18:25:01.829 - collectorLogger - NeuroscanImplement.__read_data - INFO - 发送处理数据完毕
2025-02-27 18:25:01.831 - collectorLogger - NeuroscanImplement.__read_data - INFO - 发送处理数据完毕
2025-02-27 18:25:01.833 - collectorLogger - NeuroscanImplement.__read_data - INFO - 发送处理数据完毕
2025-02-27 18:25:01.834 - collectorLogger - NeuroscanImplement.__read_data - INFO - 发送处理数据完毕
2025-02-27 18:25:01.836 - collectorLogger - NeuroscanImplement.__read_data - INFO - 发送处理数据完毕
2025-02-27 18:25:01.837 - collectorLogger - NeuroscanImplement.__read_data - INFO - 发送处理数据完毕
2025-02-27 18:25:01.839 - collectorLogger - NeuroscanImplement.__read_data - INFO - 发送处理数据完毕
2025-02-27 18:25:01.841 - collectorLogger - NeuroscanImplement.__read_data - INFO - 发送处理数据完毕
2025-02-27 18:25:01.842 - collectorLogger - NeuroscanImplement.__read_data - INFO - 发送处理数据完毕
2025-02-27 18:25:01.844 - collectorLogger - NeuroscanImplement.__read_data - INFO - 发送处理数据完毕
2025-02-27 18:25:01.845 - collectorLogger - NeuroscanImplement.__read_data - INFO - 发送处理数据完毕
2025-02-27 18:25:01.847 - collectorLogger - NeuroscanImplement.__read_data - INFO - 发送处理数据完毕
2025-02-27 18:25:01.848 - collectorLogger - NeuroscanImplement.__read_data - INFO - 发送处理数据完毕
2025-02-27 18:25:01.849 - collectorLogger - NeuroscanImplement.__read_data - INFO - 发送处理数据完毕
2025-02-27 18:25:01.851 - collectorLogger - NeuroscanImplement.__read_data - INFO - 发送处理数据完毕
2025-02-27 18:25:01.853 - collectorLogger - NeuroscanImplement.__read_data - INFO - 发送处理数据完毕
2025-02-27 18:25:01.854 - collectorLogger - NeuroscanImplement.__read_data - INFO - 发送处理数据完毕
2025-02-27 18:25:01.855 - collectorLogger - NeuroscanImplement.__read_data - INFO - 发送处理数据完毕
2025-02-27 18:25:01.857 - collectorLogger - NeuroscanImplement.__read_data - INFO - 发送处理数据完毕
2025-02-27 18:25:01.858 - collectorLogger - NeuroscanImplement.__read_data - INFO - 发送处理数据完毕
2025-02-27 18:25:01.859 - collectorLogger - NeuroscanImplement.__read_data - INFO - 发送处理数据完毕
2025-02-27 18:25:01.861 - collectorLogger - NeuroscanImplement.__read_data - INFO - 发送处理数据完毕
2025-02-27 18:25:01.862 - collectorLogger - NeuroscanImplement.__read_data - INFO - 发送处理数据完毕
2025-02-27 18:25:01.864 - collectorLogger - NeuroscanImplement.__read_data - INFO - 发送处理数据完毕
2025-02-27 18:25:01.865 - collectorLogger - NeuroscanImplement.__read_data - INFO - 发送处理数据完毕
2025-02-27 18:25:01.866 - collectorLogger - NeuroscanImplement.__read_data - INFO - 发送处理数据完毕
2025-02-27 18:25:01.868 - collectorLogger - NeuroscanImplement.__read_data - INFO - 发送处理数据完毕
2025-02-27 18:25:01.869 - collectorLogger - NeuroscanImplement.__read_data - INFO - 发送处理数据完毕
2025-02-27 18:25:01.871 - collectorLogger - NeuroscanImplement.__read_data - INFO - 发送处理数据完毕
2025-02-27 18:25:01.872 - collectorLogger - NeuroscanImplement.__read_data - INFO - 发送处理数据完毕
2025-02-27 18:25:01.873 - collectorLogger - NeuroscanImplement.__read_data - INFO - 发送处理数据完毕
2025-02-27 18:25:01.875 - collectorLogger - NeuroscanImplement.__read_data - INFO - 发送处理数据完毕
2025-02-27 18:25:01.876 - collectorLogger - NeuroscanImplement.__read_data - INFO - 发送处理数据完毕
2025-02-27 18:25:01.877 - collectorLogger - NeuroscanImplement.__read_data - INFO - 发送处理数据完毕
2025-02-27 18:25:01.879 - collectorLogger - NeuroscanImplement.__read_data - INFO - 发送处理数据完毕
2025-02-27 18:25:01.880 - collectorLogger - NeuroscanImplement.__read_data - INFO - 发送处理数据完毕
2025-02-27 18:25:01.881 - collectorLogger - NeuroscanImplement.__read_data - INFO - 发送处理数据完毕
2025-02-27 18:25:01.882 - collectorLogger - NeuroscanImplement.__read_data - INFO - 发送处理数据完毕
2025-02-27 18:25:01.884 - collectorLogger - NeuroscanImplement.__read_data - INFO - 发送处理数据完毕
2025-02-27 18:25:01.885 - collectorLogger - NeuroscanImplement.__read_data - INFO - 发送处理数据完毕
2025-02-27 18:25:01.887 - collectorLogger - NeuroscanImplement.__read_data - INFO - 发送处理数据完毕
2025-02-27 18:25:01.888 - collectorLogger - NeuroscanImplement.__read_data - INFO - 发送处理数据完毕
2025-02-27 18:25:01.889 - collectorLogger - NeuroscanImplement.__read_data - INFO - 发送处理数据完毕
2025-02-27 18:25:01.890 - collectorLogger - NeuroscanImplement.__read_data - INFO - 发送处理数据完毕
2025-02-27 18:25:01.891 - collectorLogger - NeuroscanImplement.__read_data - INFO - 发送处理数据完毕
2025-02-27 18:25:01.893 - collectorLogger - NeuroscanImplement.__read_data - INFO - 发送处理数据完毕
2025-02-27 18:25:01.894 - collectorLogger - NeuroscanImplement.__read_data - INFO - 发送处理数据完毕
2025-02-27 18:25:01.895 - collectorLogger - NeuroscanImplement.__read_data - INFO - 发送处理数据完毕
2025-02-27 18:25:01.897 - collectorLogger - NeuroscanImplement.__read_data - INFO - 发送处理数据完毕
2025-02-27 18:25:01.898 - collectorLogger - NeuroscanImplement.__read_data - INFO - 发送处理数据完毕
2025-02-27 18:25:01.899 - collectorLogger - NeuroscanImplement.__read_data - INFO - 发送处理数据完毕
2025-02-27 18:25:01.901 - collectorLogger - NeuroscanImplement.__read_data - INFO - 发送处理数据完毕
2025-02-27 18:25:01.902 - collectorLogger - NeuroscanImplement.__read_data - INFO - 发送处理数据完毕
2025-02-27 18:25:01.903 - collectorLogger - NeuroscanImplement.__read_data - INFO - 发送处理数据完毕
2025-02-27 18:25:01.905 - collectorLogger - NeuroscanImplement.__read_data - INFO - 发送处理数据完毕
2025-02-27 18:25:01.906 - collectorLogger - NeuroscanImplement.__read_data - INFO - 发送处理数据完毕
2025-02-27 18:25:01.908 - collectorLogger - NeuroscanImplement.__read_data - INFO - 发送处理数据完毕
2025-02-27 18:25:01.910 - collectorLogger - NeuroscanImplement.__read_data - INFO - 发送处理数据完毕
2025-02-27 18:25:01.911 - collectorLogger - NeuroscanImplement.__read_data - INFO - 发送处理数据完毕
2025-02-27 18:25:01.912 - collectorLogger - NeuroscanImplement.__read_data - INFO - 发送处理数据完毕
2025-02-27 18:25:01.914 - collectorLogger - NeuroscanImplement.__read_data - INFO - 发送处理数据完毕
2025-02-27 18:25:01.915 - collectorLogger - NeuroscanImplement.__read_data - INFO - 发送处理数据完毕
2025-02-27 18:25:01.917 - collectorLogger - NeuroscanImplement.__read_data - INFO - 发送处理数据完毕
2025-02-27 18:25:01.918 - collectorLogger - NeuroscanImplement.__read_data - INFO - 发送处理数据完毕
2025-02-27 18:25:01.920 - collectorLogger - NeuroscanImplement.__read_data - INFO - 发送处理数据完毕
2025-02-27 18:25:01.921 - collectorLogger - NeuroscanImplement.__read_data - INFO - 发送处理数据完毕
2025-02-27 18:25:01.922 - collectorLogger - NeuroscanImplement.__read_data - INFO - 发送处理数据完毕
2025-02-27 18:25:01.924 - collectorLogger - NeuroscanImplement.__read_data - INFO - 发送处理数据完毕
2025-02-27 18:25:01.925 - collectorLogger - NeuroscanImplement.__read_data - INFO - 发送处理数据完毕
2025-02-27 18:25:01.926 - collectorLogger - NeuroscanImplement.__read_data - INFO - 发送处理数据完毕
2025-02-27 18:25:01.928 - collectorLogger - NeuroscanImplement.__read_data - INFO - 发送处理数据完毕
2025-02-27 18:25:01.929 - collectorLogger - NeuroscanImplement.__read_data - INFO - 发送处理数据完毕
2025-02-27 18:25:01.930 - collectorLogger - NeuroscanImplement.__read_data - INFO - 发送处理数据完毕
2025-02-27 18:25:01.932 - collectorLogger - NeuroscanImplement.__read_data - INFO - 发送处理数据完毕
2025-02-27 18:25:01.933 - collectorLogger - NeuroscanImplement.__read_data - INFO - 发送处理数据完毕
2025-02-27 18:25:01.934 - collectorLogger - NeuroscanImplement.__read_data - INFO - 发送处理数据完毕
2025-02-27 18:25:01.936 - collectorLogger - NeuroscanImplement.__read_data - INFO - 发送处理数据完毕
2025-02-27 18:25:01.937 - collectorLogger - NeuroscanImplement.__read_data - INFO - 发送处理数据完毕
2025-02-27 18:25:01.939 - collectorLogger - NeuroscanImplement.__read_data - INFO - 发送处理数据完毕
2025-02-27 18:25:01.940 - collectorLogger - NeuroscanImplement.__read_data - INFO - 发送处理数据完毕
2025-02-27 18:25:01.943 - collectorLogger - NeuroscanImplement.__read_data - INFO - 发送处理数据完毕
2025-02-27 18:25:01.944 - collectorLogger - NeuroscanImplement.__read_data - INFO - 发送处理数据完毕
2025-02-27 18:25:01.946 - collectorLogger - NeuroscanImplement.__read_data - INFO - 发送处理数据完毕
2025-02-27 18:25:01.947 - collectorLogger - NeuroscanImplement.__read_data - INFO - 发送处理数据完毕
2025-02-27 18:25:01.949 - collectorLogger - NeuroscanImplement.__read_data - INFO - 发送处理数据完毕
2025-02-27 18:25:01.951 - collectorLogger - NeuroscanImplement.__read_data - INFO - 发送处理数据完毕
2025-02-27 18:25:01.953 - collectorLogger - NeuroscanImplement.__read_data - INFO - 发送处理数据完毕
2025-02-27 18:25:01.955 - collectorLogger - NeuroscanImplement.__read_data - INFO - 发送处理数据完毕
2025-02-27 18:25:01.956 - collectorLogger - NeuroscanImplement.__read_data - INFO - 发送处理数据完毕
2025-02-27 18:25:01.958 - collectorLogger - NeuroscanImplement.__read_data - INFO - 发送处理数据完毕
2025-02-27 18:25:01.960 - collectorLogger - NeuroscanImplement.__read_data - INFO - 发送处理数据完毕
2025-02-27 18:25:01.961 - collectorLogger - NeuroscanImplement.__read_data - INFO - 发送处理数据完毕
2025-02-27 18:25:01.964 - collectorLogger - NeuroscanImplement.__read_data - INFO - 发送处理数据完毕
2025-02-27 18:25:01.964 - collectorLogger - NeuroscanImplement.__read_data - INFO - 发送处理数据完毕
2025-02-27 18:25:01.967 - collectorLogger - NeuroscanImplement.__read_data - INFO - 发送处理数据完毕
2025-02-27 18:25:01.969 - collectorLogger - NeuroscanImplement.__read_data - INFO - 发送处理数据完毕
2025-02-27 18:25:01.970 - collectorLogger - NeuroscanImplement.__read_data - INFO - 发送处理数据完毕
2025-02-27 18:25:01.972 - collectorLogger - NeuroscanImplement.__read_data - INFO - 发送处理数据完毕
2025-02-27 18:25:01.973 - collectorLogger - NeuroscanImplement.__read_data - INFO - 发送处理数据完毕
2025-02-27 18:25:01.975 - collectorLogger - NeuroscanImplement.__read_data - INFO - 发送处理数据完毕
2025-02-27 18:25:01.976 - collectorLogger - NeuroscanImplement.__read_data - INFO - 发送处理数据完毕
2025-02-27 18:25:01.978 - collectorLogger - NeuroscanImplement.__read_data - INFO - 发送处理数据完毕
2025-02-27 18:25:01.979 - collectorLogger - NeuroscanImplement.__read_data - INFO - 发送处理数据完毕
2025-02-27 18:25:01.981 - collectorLogger - NeuroscanImplement.__read_data - INFO - 发送处理数据完毕
2025-02-27 18:25:01.982 - collectorLogger - NeuroscanImplement.__read_data - INFO - 发送处理数据完毕
2025-02-27 18:25:01.985 - collectorLogger - NeuroscanImplement.__read_data - INFO - 发送处理数据完毕
2025-02-27 18:25:01.987 - collectorLogger - NeuroscanImplement.__read_data - INFO - 发送处理数据完毕
2025-02-27 18:25:01.989 - collectorLogger - NeuroscanImplement.__read_data - INFO - 发送处理数据完毕
2025-02-27 18:25:01.990 - collectorLogger - NeuroscanImplement.__read_data - INFO - 发送处理数据完毕
2025-02-27 18:25:01.992 - collectorLogger - NeuroscanImplement.__read_data - INFO - 发送处理数据完毕
2025-02-27 18:25:01.993 - collectorLogger - NeuroscanImplement.__read_data - INFO - 发送处理数据完毕
2025-02-27 18:25:01.995 - collectorLogger - NeuroscanImplement.__read_data - INFO - 发送处理数据完毕
2025-02-27 18:25:01.996 - collectorLogger - NeuroscanImplement.__read_data - INFO - 发送处理数据完毕
2025-02-27 18:25:01.998 - collectorLogger - NeuroscanImplement.__read_data - INFO - 发送处理数据完毕
2025-02-27 18:25:02.000 - collectorLogger - NeuroscanImplement.__read_data - INFO - 发送处理数据完毕
2025-02-27 18:25:02.002 - collectorLogger - NeuroscanImplement.__read_data - INFO - 发送处理数据完毕
2025-02-27 18:25:02.004 - collectorLogger - NeuroscanImplement.__read_data - INFO - 发送处理数据完毕
2025-02-27 18:25:02.006 - collectorLogger - NeuroscanImplement.__read_data - INFO - 发送处理数据完毕
2025-02-27 18:25:02.007 - collectorLogger - NeuroscanImplement.__read_data - INFO - 发送处理数据完毕
2025-02-27 18:25:02.009 - collectorLogger - NeuroscanImplement.__read_data - INFO - 发送处理数据完毕
2025-02-27 18:25:02.010 - collectorLogger - NeuroscanImplement.__read_data - INFO - 发送处理数据完毕
2025-02-27 18:25:02.012 - collectorLogger - NeuroscanImplement.__read_data - INFO - 发送处理数据完毕
2025-02-27 18:25:02.013 - collectorLogger - NeuroscanImplement.__read_data - INFO - 发送处理数据完毕
2025-02-27 18:25:02.015 - collectorLogger - NeuroscanImplement.__read_data - INFO - 发送处理数据完毕
2025-02-27 18:25:02.017 - collectorLogger - NeuroscanImplement.__read_data - INFO - 发送处理数据完毕
2025-02-27 18:25:02.019 - collectorLogger - NeuroscanImplement.__read_data - INFO - 发送处理数据完毕
2025-02-27 18:25:02.020 - collectorLogger - NeuroscanImplement.__read_data - INFO - 发送处理数据完毕
2025-02-27 18:25:02.022 - collectorLogger - NeuroscanImplement.__read_data - INFO - 发送处理数据完毕
2025-02-27 18:25:02.023 - collectorLogger - NeuroscanImplement.__read_data - INFO - 发送处理数据完毕
2025-02-27 18:25:02.024 - collectorLogger - NeuroscanImplement.__read_data - INFO - 发送处理数据完毕
2025-02-27 18:25:02.026 - collectorLogger - NeuroscanImplement.__read_data - INFO - 发送处理数据完毕
2025-02-27 18:25:02.027 - collectorLogger - NeuroscanImplement.__read_data - INFO - 发送处理数据完毕
2025-02-27 18:25:02.029 - collectorLogger - NeuroscanImplement.__read_data - INFO - 发送处理数据完毕
2025-02-27 18:25:02.030 - collectorLogger - NeuroscanImplement.__read_data - INFO - 发送处理数据完毕
2025-02-27 18:25:02.032 - collectorLogger - NeuroscanImplement.__read_data - INFO - 发送处理数据完毕
2025-02-27 18:25:02.035 - collectorLogger - NeuroscanImplement.__read_data - INFO - 发送处理数据完毕
2025-02-27 18:25:02.036 - collectorLogger - NeuroscanImplement.__read_data - INFO - 发送处理数据完毕
2025-02-27 18:25:02.038 - collectorLogger - NeuroscanImplement.__read_data - INFO - 发送处理数据完毕
2025-02-27 18:25:02.039 - collectorLogger - NeuroscanImplement.__read_data - INFO - 发送处理数据完毕
2025-02-27 18:25:02.041 - collectorLogger - NeuroscanImplement.__read_data - INFO - 发送处理数据完毕
2025-02-27 18:25:02.042 - collectorLogger - NeuroscanImplement.__read_data - INFO - 发送处理数据完毕
2025-02-27 18:25:02.044 - collectorLogger - NeuroscanImplement.__read_data - INFO - 发送处理数据完毕
2025-02-27 18:25:02.045 - collectorLogger - NeuroscanImplement.__read_data - INFO - 发送处理数据完毕
2025-02-27 18:25:02.047 - collectorLogger - NeuroscanImplement.__read_data - INFO - 发送处理数据完毕
2025-02-27 18:25:02.048 - collectorLogger - NeuroscanImplement.__read_data - INFO - 发送处理数据完毕
2025-02-27 18:25:02.051 - collectorLogger - NeuroscanImplement.__read_data - INFO - 发送处理数据完毕
2025-02-27 18:25:02.052 - collectorLogger - NeuroscanImplement.__read_data - INFO - 发送处理数据完毕
2025-02-27 18:25:02.053 - collectorLogger - NeuroscanImplement.__read_data - INFO - 发送处理数据完毕
2025-02-27 18:25:02.055 - collectorLogger - NeuroscanImplement.__read_data - INFO - 发送处理数据完毕
2025-02-27 18:25:02.056 - collectorLogger - NeuroscanImplement.__read_data - INFO - 发送处理数据完毕
2025-02-27 18:25:02.057 - collectorLogger - NeuroscanImplement.__read_data - INFO - 发送处理数据完毕
2025-02-27 18:25:02.059 - collectorLogger - NeuroscanImplement.__read_data - INFO - 发送处理数据完毕
2025-02-27 18:25:02.060 - collectorLogger - NeuroscanImplement.__read_data - INFO - 发送处理数据完毕
2025-02-27 18:25:02.061 - collectorLogger - NeuroscanImplement.__read_data - INFO - 发送处理数据完毕
2025-02-27 18:25:02.063 - collectorLogger - NeuroscanImplement.__read_data - INFO - 发送处理数据完毕
2025-02-27 18:25:02.064 - collectorLogger - NeuroscanImplement.__read_data - INFO - 发送处理数据完毕
2025-02-27 18:25:02.066 - collectorLogger - NeuroscanImplement.__read_data - INFO - 发送处理数据完毕
2025-02-27 18:25:02.067 - collectorLogger - NeuroscanImplement.__read_data - INFO - 发送处理数据完毕
2025-02-27 18:25:02.068 - collectorLogger - NeuroscanImplement.__read_data - INFO - 发送处理数据完毕
2025-02-27 18:25:02.070 - collectorLogger - NeuroscanImplement.__read_data - INFO - 发送处理数据完毕
2025-02-27 18:25:02.071 - collectorLogger - NeuroscanImplement.__read_data - INFO - 发送处理数据完毕
2025-02-27 18:25:02.072 - collectorLogger - NeuroscanImplement.__read_data - INFO - 发送处理数据完毕
2025-02-27 18:25:02.074 - collectorLogger - NeuroscanImplement.__read_data - INFO - 发送处理数据完毕
2025-02-27 18:25:02.075 - collectorLogger - NeuroscanImplement.__read_data - INFO - 发送处理数据完毕
2025-02-27 18:25:02.077 - collectorLogger - NeuroscanImplement.__read_data - INFO - 发送处理数据完毕
2025-02-27 18:25:02.078 - collectorLogger - NeuroscanImplement.__read_data - INFO - 发送处理数据完毕
2025-02-27 18:25:02.079 - collectorLogger - NeuroscanImplement.__read_data - INFO - 发送处理数据完毕
2025-02-27 18:25:02.081 - collectorLogger - NeuroscanImplement.__read_data - INFO - 发送处理数据完毕
2025-02-27 18:25:02.082 - collectorLogger - NeuroscanImplement.__read_data - INFO - 发送处理数据完毕
2025-02-27 18:25:02.083 - collectorLogger - NeuroscanImplement.__read_data - INFO - 发送处理数据完毕
2025-02-27 18:25:02.085 - collectorLogger - NeuroscanImplement.__read_data - INFO - 发送处理数据完毕
2025-02-27 18:25:02.086 - collectorLogger - NeuroscanImplement.__read_data - INFO - 发送处理数据完毕
2025-02-27 18:25:02.087 - collectorLogger - NeuroscanImplement.__read_data - INFO - 发送处理数据完毕
2025-02-27 18:25:02.089 - collectorLogger - NeuroscanImplement.__read_data - INFO - 发送处理数据完毕
2025-02-27 18:25:02.090 - collectorLogger - NeuroscanImplement.__read_data - INFO - 发送处理数据完毕
2025-02-27 18:25:02.091 - collectorLogger - NeuroscanImplement.__read_data - INFO - 发送处理数据完毕
2025-02-27 18:25:02.093 - collectorLogger - NeuroscanImplement.__read_data - INFO - 发送处理数据完毕
2025-02-27 18:25:02.094 - collectorLogger - NeuroscanImplement.__read_data - INFO - 发送处理数据完毕
2025-02-27 18:25:02.095 - collectorLogger - NeuroscanImplement.__read_data - INFO - 发送处理数据完毕
2025-02-27 18:25:02.097 - collectorLogger - NeuroscanImplement.__read_data - INFO - 发送处理数据完毕
2025-02-27 18:25:02.098 - collectorLogger - NeuroscanImplement.__read_data - INFO - 发送处理数据完毕
2025-02-27 18:25:02.099 - collectorLogger - NeuroscanImplement.__read_data - INFO - 发送处理数据完毕
2025-02-27 18:25:02.101 - collectorLogger - NeuroscanImplement.__read_data - INFO - 发送处理数据完毕
2025-02-27 18:25:02.102 - collectorLogger - NeuroscanImplement.__read_data - INFO - 发送处理数据完毕
2025-02-27 18:25:02.103 - collectorLogger - NeuroscanImplement.__read_data - INFO - 发送处理数据完毕
2025-02-27 18:25:02.105 - collectorLogger - NeuroscanImplement.__read_data - INFO - 发送处理数据完毕
2025-02-27 18:25:02.106 - collectorLogger - NeuroscanImplement.__read_data - INFO - 发送处理数据完毕
2025-02-27 18:25:02.108 - collectorLogger - NeuroscanImplement.__read_data - INFO - 发送处理数据完毕
2025-02-27 18:25:02.109 - collectorLogger - NeuroscanImplement.__read_data - INFO - 发送处理数据完毕
2025-02-27 18:25:02.110 - collectorLogger - NeuroscanImplement.__read_data - INFO - 发送处理数据完毕
2025-02-27 18:25:02.112 - collectorLogger - NeuroscanImplement.__read_data - INFO - 发送处理数据完毕
2025-02-27 18:25:02.113 - collectorLogger - NeuroscanImplement.__read_data - INFO - 发送处理数据完毕
2025-02-27 18:25:02.115 - collectorLogger - NeuroscanImplement.__read_data - INFO - 发送处理数据完毕
2025-02-27 18:25:02.117 - collectorLogger - NeuroscanImplement.__read_data - INFO - 发送处理数据完毕
2025-02-27 18:25:02.119 - collectorLogger - NeuroscanImplement.__read_data - INFO - 发送处理数据完毕
2025-02-27 18:25:02.120 - collectorLogger - NeuroscanImplement.__read_data - INFO - 发送处理数据完毕
2025-02-27 18:25:02.122 - collectorLogger - NeuroscanImplement.__read_data - INFO - 发送处理数据完毕
2025-02-27 18:25:02.123 - collectorLogger - NeuroscanImplement.__read_data - INFO - 发送处理数据完毕
2025-02-27 18:25:02.125 - collectorLogger - NeuroscanImplement.__read_data - INFO - 发送处理数据完毕
2025-02-27 18:25:02.126 - collectorLogger - NeuroscanImplement.__read_data - INFO - 发送处理数据完毕
2025-02-27 18:25:02.128 - collectorLogger - NeuroscanImplement.__read_data - INFO - 发送处理数据完毕
2025-02-27 18:25:02.129 - collectorLogger - NeuroscanImplement.__read_data - INFO - 发送处理数据完毕
2025-02-27 18:25:02.131 - collectorLogger - NeuroscanImplement.__read_data - INFO - 发送处理数据完毕
2025-02-27 18:25:02.132 - collectorLogger - NeuroscanImplement.__read_data - INFO - 发送处理数据完毕
2025-02-27 18:25:02.134 - collectorLogger - NeuroscanImplement.__read_data - INFO - 发送处理数据完毕
2025-02-27 18:25:02.136 - collectorLogger - NeuroscanImplement.__read_data - INFO - 发送处理数据完毕
2025-02-27 18:25:02.139 - collectorLogger - NeuroscanImplement.__read_data - INFO - 发送处理数据完毕
2025-02-27 18:25:02.141 - collectorLogger - NeuroscanImplement.__read_data - INFO - 发送处理数据完毕
2025-02-27 18:25:02.142 - collectorLogger - NeuroscanImplement.__read_data - INFO - 发送处理数据完毕
2025-02-27 18:25:02.143 - collectorLogger - NeuroscanImplement.__read_data - INFO - 发送处理数据完毕
2025-02-27 18:25:02.145 - collectorLogger - NeuroscanImplement.__read_data - INFO - 发送处理数据完毕
2025-02-27 18:25:02.146 - collectorLogger - NeuroscanImplement.__read_data - INFO - 发送处理数据完毕
2025-02-27 18:25:02.148 - collectorLogger - NeuroscanImplement.__read_data - INFO - 发送处理数据完毕
2025-02-27 18:25:02.150 - collectorLogger - NeuroscanImplement.__read_data - INFO - 发送处理数据完毕
2025-02-27 18:25:02.151 - collectorLogger - NeuroscanImplement.__read_data - INFO - 发送处理数据完毕
2025-02-27 18:25:02.153 - collectorLogger - NeuroscanImplement.__read_data - INFO - 发送处理数据完毕
2025-02-27 18:25:02.154 - collectorLogger - NeuroscanImplement.__read_data - INFO - 发送处理数据完毕
2025-02-27 18:25:02.156 - collectorLogger - NeuroscanImplement.__read_data - INFO - 发送处理数据完毕
2025-02-27 18:25:02.157 - collectorLogger - NeuroscanImplement.__read_data - INFO - 发送处理数据完毕
2025-02-27 18:25:02.259 - collectorLogger - NeuroscanImplement.__read_data - INFO - 发送处理数据完毕
2025-02-27 18:25:02.260 - collectorLogger - NeuroscanImplement.__read_data - INFO - 发送处理数据完毕
2025-02-27 18:25:02.262 - collectorLogger - NeuroscanImplement.__read_data - INFO - 发送处理数据完毕
2025-02-27 18:25:02.263 - collectorLogger - NeuroscanImplement.__read_data - INFO - 发送处理数据完毕
2025-02-27 18:25:02.265 - collectorLogger - NeuroscanImplement.__read_data - INFO - 发送处理数据完毕
2025-02-27 18:25:02.266 - collectorLogger - NeuroscanImplement.__read_data - INFO - 发送处理数据完毕
2025-02-27 18:25:02.268 - collectorLogger - NeuroscanImplement.__read_data - INFO - 发送处理数据完毕
2025-02-27 18:25:02.270 - collectorLogger - NeuroscanImplement.__read_data - INFO - 发送处理数据完毕
2025-02-27 18:25:02.271 - collectorLogger - NeuroscanImplement.__read_data - INFO - 发送处理数据完毕
2025-02-27 18:25:02.273 - collectorLogger - NeuroscanImplement.__read_data - INFO - 发送处理数据完毕
2025-02-27 18:25:02.274 - collectorLogger - NeuroscanImplement.__read_data - INFO - 发送处理数据完毕
2025-02-27 18:25:02.276 - collectorLogger - NeuroscanImplement.__read_data - INFO - 发送处理数据完毕
2025-02-27 18:25:02.277 - collectorLogger - NeuroscanImplement.__read_data - INFO - 发送处理数据完毕
2025-02-27 18:25:02.278 - collectorLogger - NeuroscanImplement.__read_data - INFO - 发送处理数据完毕
2025-02-27 18:25:02.280 - collectorLogger - NeuroscanImplement.__read_data - INFO - 发送处理数据完毕
2025-02-27 18:25:02.281 - collectorLogger - NeuroscanImplement.__read_data - INFO - 发送处理数据完毕
2025-02-27 18:25:02.283 - collectorLogger - NeuroscanImplement.__read_data - INFO - 发送处理数据完毕
2025-02-27 18:25:02.284 - collectorLogger - NeuroscanImplement.__read_data - INFO - 发送处理数据完毕
2025-02-27 18:25:02.286 - collectorLogger - NeuroscanImplement.__read_data - INFO - 发送处理数据完毕
2025-02-27 18:25:02.287 - collectorLogger - NeuroscanImplement.__read_data - INFO - 发送处理数据完毕
2025-02-27 18:25:02.289 - collectorLogger - NeuroscanImplement.__read_data - INFO - 发送处理数据完毕
2025-02-27 18:25:02.290 - collectorLogger - NeuroscanImplement.__read_data - INFO - 发送处理数据完毕
2025-02-27 18:25:02.291 - collectorLogger - NeuroscanImplement.__read_data - INFO - 发送处理数据完毕
2025-02-27 18:25:02.293 - collectorLogger - NeuroscanImplement.__read_data - INFO - 发送处理数据完毕
2025-02-27 18:25:02.294 - collectorLogger - NeuroscanImplement.__read_data - INFO - 发送处理数据完毕
2025-02-27 18:25:02.296 - collectorLogger - NeuroscanImplement.__read_data - INFO - 发送处理数据完毕
2025-02-27 18:25:02.297 - collectorLogger - NeuroscanImplement.__read_data - INFO - 发送处理数据完毕
2025-02-27 18:25:02.298 - collectorLogger - NeuroscanImplement.__read_data - INFO - 发送处理数据完毕
2025-02-27 18:25:02.300 - collectorLogger - NeuroscanImplement.__read_data - INFO - 发送处理数据完毕
2025-02-27 18:25:02.301 - collectorLogger - NeuroscanImplement.__read_data - INFO - 发送处理数据完毕
2025-02-27 18:25:02.302 - collectorLogger - NeuroscanImplement.__read_data - INFO - 发送处理数据完毕
2025-02-27 18:25:02.304 - collectorLogger - NeuroscanImplement.__read_data - INFO - 发送处理数据完毕
2025-02-27 18:25:02.305 - collectorLogger - NeuroscanImplement.__read_data - INFO - 发送处理数据完毕
2025-02-27 18:25:02.307 - collectorLogger - NeuroscanImplement.__read_data - INFO - 发送处理数据完毕
2025-02-27 18:25:02.308 - collectorLogger - NeuroscanImplement.__read_data - INFO - 发送处理数据完毕
2025-02-27 18:25:02.309 - collectorLogger - NeuroscanImplement.__read_data - INFO - 发送处理数据完毕
2025-02-27 18:25:02.311 - collectorLogger - NeuroscanImplement.__read_data - INFO - 发送处理数据完毕
2025-02-27 18:25:02.312 - collectorLogger - NeuroscanImplement.__read_data - INFO - 发送处理数据完毕
2025-02-27 18:25:02.313 - collectorLogger - NeuroscanImplement.__read_data - INFO - 发送处理数据完毕
2025-02-27 18:25:02.315 - collectorLogger - NeuroscanImplement.__read_data - INFO - 发送处理数据完毕
2025-02-27 18:25:02.316 - collectorLogger - NeuroscanImplement.__read_data - INFO - 发送处理数据完毕
2025-02-27 18:25:02.317 - collectorLogger - NeuroscanImplement.__read_data - INFO - 发送处理数据完毕
2025-02-27 18:25:02.319 - collectorLogger - NeuroscanImplement.__read_data - INFO - 发送处理数据完毕
2025-02-27 18:25:02.320 - collectorLogger - NeuroscanImplement.__read_data - INFO - 发送处理数据完毕
2025-02-27 18:25:02.322 - collectorLogger - NeuroscanImplement.__read_data - INFO - 发送处理数据完毕
2025-02-27 18:25:02.323 - collectorLogger - NeuroscanImplement.__read_data - INFO - 发送处理数据完毕
2025-02-27 18:25:02.324 - collectorLogger - NeuroscanImplement.__read_data - INFO - 发送处理数据完毕
2025-02-27 18:25:02.326 - collectorLogger - NeuroscanImplement.__read_data - INFO - 发送处理数据完毕
2025-02-27 18:25:02.327 - collectorLogger - NeuroscanImplement.__read_data - INFO - 发送处理数据完毕
2025-02-27 18:25:02.328 - collectorLogger - NeuroscanImplement.__read_data - INFO - 发送处理数据完毕
2025-02-27 18:25:02.330 - collectorLogger - NeuroscanImplement.__read_data - INFO - 发送处理数据完毕
2025-02-27 18:25:02.331 - collectorLogger - NeuroscanImplement.__read_data - INFO - 发送处理数据完毕
2025-02-27 18:25:02.332 - collectorLogger - NeuroscanImplement.__read_data - INFO - 发送处理数据完毕
2025-02-27 18:25:02.334 - collectorLogger - NeuroscanImplement.__read_data - INFO - 发送处理数据完毕
2025-02-27 18:25:02.335 - collectorLogger - NeuroscanImplement.__read_data - INFO - 发送处理数据完毕
2025-02-27 18:25:02.336 - collectorLogger - NeuroscanImplement.__read_data - INFO - 发送处理数据完毕
2025-02-27 18:25:02.338 - collectorLogger - NeuroscanImplement.__read_data - INFO - 发送处理数据完毕
2025-02-27 18:25:02.339 - collectorLogger - NeuroscanImplement.__read_data - INFO - 发送处理数据完毕
2025-02-27 18:25:02.340 - collectorLogger - NeuroscanImplement.__read_data - INFO - 发送处理数据完毕
2025-02-27 18:25:02.342 - collectorLogger - NeuroscanImplement.__read_data - INFO - 发送处理数据完毕
2025-02-27 18:25:02.343 - collectorLogger - NeuroscanImplement.__read_data - INFO - 发送处理数据完毕
2025-02-27 18:25:02.344 - collectorLogger - NeuroscanImplement.__read_data - INFO - 发送处理数据完毕
2025-02-27 18:25:02.346 - collectorLogger - NeuroscanImplement.__read_data - INFO - 发送处理数据完毕
2025-02-27 18:25:02.347 - collectorLogger - NeuroscanImplement.__read_data - INFO - 发送处理数据完毕
2025-02-27 18:25:02.348 - collectorLogger - NeuroscanImplement.__read_data - INFO - 发送处理数据完毕
2025-02-27 18:25:02.350 - collectorLogger - NeuroscanImplement.__read_data - INFO - 发送处理数据完毕
2025-02-27 18:25:02.351 - collectorLogger - NeuroscanImplement.__read_data - INFO - 发送处理数据完毕
2025-02-27 18:25:02.353 - collectorLogger - NeuroscanImplement.__read_data - INFO - 发送处理数据完毕
2025-02-27 18:25:02.354 - collectorLogger - NeuroscanImplement.__read_data - INFO - 发送处理数据完毕
2025-02-27 18:25:02.355 - collectorLogger - NeuroscanImplement.__read_data - INFO - 发送处理数据完毕
2025-02-27 18:25:02.357 - collectorLogger - NeuroscanImplement.__read_data - INFO - 发送处理数据完毕
2025-02-27 18:25:02.358 - collectorLogger - NeuroscanImplement.__read_data - INFO - 发送处理数据完毕
2025-02-27 18:25:02.360 - collectorLogger - NeuroscanImplement.__read_data - INFO - 发送处理数据完毕
2025-02-27 18:25:02.361 - collectorLogger - NeuroscanImplement.__read_data - INFO - 发送处理数据完毕
2025-02-27 18:25:02.363 - collectorLogger - NeuroscanImplement.__read_data - INFO - 发送处理数据完毕
2025-02-27 18:25:02.364 - collectorLogger - NeuroscanImplement.__read_data - INFO - 发送处理数据完毕
2025-02-27 18:25:02.366 - collectorLogger - NeuroscanImplement.__read_data - INFO - 发送处理数据完毕
2025-02-27 18:25:02.367 - collectorLogger - NeuroscanImplement.__read_data - INFO - 发送处理数据完毕
2025-02-27 18:25:02.369 - collectorLogger - NeuroscanImplement.__read_data - INFO - 发送处理数据完毕
2025-02-27 18:25:02.370 - collectorLogger - NeuroscanImplement.__read_data - INFO - 发送处理数据完毕
2025-02-27 18:25:02.371 - collectorLogger - NeuroscanImplement.__read_data - INFO - 发送处理数据完毕
2025-02-27 18:25:02.373 - collectorLogger - NeuroscanImplement.__read_data - INFO - 发送处理数据完毕
2025-02-27 18:25:02.375 - collectorLogger - NeuroscanImplement.__read_data - INFO - 发送处理数据完毕
2025-02-27 18:25:02.376 - collectorLogger - NeuroscanImplement.__read_data - INFO - 发送处理数据完毕
2025-02-27 18:25:02.377 - collectorLogger - NeuroscanImplement.__read_data - INFO - 发送处理数据完毕
2025-02-27 18:25:02.379 - collectorLogger - NeuroscanImplement.__read_data - INFO - 发送处理数据完毕
2025-02-27 18:25:02.381 - collectorLogger - NeuroscanImplement.__read_data - INFO - 发送处理数据完毕
2025-02-27 18:25:02.382 - collectorLogger - NeuroscanImplement.__read_data - INFO - 发送处理数据完毕
2025-02-27 18:25:02.384 - collectorLogger - NeuroscanImplement.__read_data - INFO - 发送处理数据完毕
2025-02-27 18:25:02.385 - collectorLogger - NeuroscanImplement.__read_data - INFO - 发送处理数据完毕
2025-02-27 18:25:02.387 - collectorLogger - NeuroscanImplement.__read_data - INFO - 发送处理数据完毕
2025-02-27 18:25:02.388 - collectorLogger - NeuroscanImplement.__read_data - INFO - 发送处理数据完毕
2025-02-27 18:25:02.389 - collectorLogger - NeuroscanImplement.__read_data - INFO - 发送处理数据完毕
2025-02-27 18:25:02.391 - collectorLogger - NeuroscanImplement.__read_data - INFO - 发送处理数据完毕
2025-02-27 18:25:02.392 - collectorLogger - NeuroscanImplement.__read_data - INFO - 发送处理数据完毕
2025-02-27 18:25:02.394 - collectorLogger - NeuroscanImplement.__read_data - INFO - 发送处理数据完毕
2025-02-27 18:25:02.395 - collectorLogger - NeuroscanImplement.__read_data - INFO - 发送处理数据完毕
2025-02-27 18:25:02.397 - collectorLogger - NeuroscanImplement.__read_data - INFO - 发送处理数据完毕
2025-02-27 18:25:02.399 - collectorLogger - NeuroscanImplement.__read_data - INFO - 发送处理数据完毕
2025-02-27 18:25:02.400 - collectorLogger - NeuroscanImplement.__read_data - INFO - 发送处理数据完毕
2025-02-27 18:25:02.402 - collectorLogger - NeuroscanImplement.__read_data - INFO - 发送处理数据完毕
2025-02-27 18:25:02.403 - collectorLogger - NeuroscanImplement.__read_data - INFO - 发送处理数据完毕
2025-02-27 18:25:02.405 - collectorLogger - NeuroscanImplement.__read_data - INFO - 发送处理数据完毕
2025-02-27 18:25:02.406 - collectorLogger - NeuroscanImplement.__read_data - INFO - 发送处理数据完毕
2025-02-27 18:25:02.407 - collectorLogger - NeuroscanImplement.__read_data - INFO - 发送处理数据完毕
2025-02-27 18:25:02.409 - collectorLogger - NeuroscanImplement.__read_data - INFO - 发送处理数据完毕
2025-02-27 18:25:02.410 - collectorLogger - NeuroscanImplement.__read_data - INFO - 发送处理数据完毕
2025-02-27 18:25:02.413 - collectorLogger - NeuroscanImplement.__read_data - INFO - 发送处理数据完毕
2025-02-27 18:25:02.414 - collectorLogger - NeuroscanImplement.__read_data - INFO - 发送处理数据完毕
2025-02-27 18:25:02.415 - collectorLogger - NeuroscanImplement.__read_data - INFO - 发送处理数据完毕
2025-02-27 18:25:02.418 - collectorLogger - NeuroscanImplement.__read_data - INFO - 发送处理数据完毕
2025-02-27 18:25:02.419 - collectorLogger - NeuroscanImplement.__read_data - INFO - 发送处理数据完毕
2025-02-27 18:25:02.421 - collectorLogger - NeuroscanImplement.__read_data - INFO - 发送处理数据完毕
2025-02-27 18:25:02.423 - collectorLogger - NeuroscanImplement.__read_data - INFO - 发送处理数据完毕
2025-02-27 18:25:02.425 - collectorLogger - NeuroscanImplement.__read_data - INFO - 发送处理数据完毕
2025-02-27 18:25:02.426 - collectorLogger - NeuroscanImplement.__read_data - INFO - 发送处理数据完毕
2025-02-27 18:25:02.428 - collectorLogger - NeuroscanImplement.__read_data - INFO - 发送处理数据完毕
2025-02-27 18:25:02.430 - collectorLogger - NeuroscanImplement.__read_data - INFO - 发送处理数据完毕
2025-02-27 18:25:02.431 - collectorLogger - NeuroscanImplement.__read_data - INFO - 发送处理数据完毕
2025-02-27 18:25:02.432 - collectorLogger - NeuroscanImplement.__read_data - INFO - 发送处理数据完毕
2025-02-27 18:25:02.434 - collectorLogger - NeuroscanImplement.__read_data - INFO - 发送处理数据完毕
2025-02-27 18:25:02.436 - collectorLogger - NeuroscanImplement.__read_data - INFO - 发送处理数据完毕
2025-02-27 18:25:02.438 - collectorLogger - NeuroscanImplement.__read_data - INFO - 发送处理数据完毕
2025-02-27 18:25:02.439 - collectorLogger - NeuroscanImplement.__read_data - INFO - 发送处理数据完毕
2025-02-27 18:25:02.440 - collectorLogger - NeuroscanImplement.__read_data - INFO - 发送处理数据完毕
2025-02-27 18:25:02.442 - collectorLogger - NeuroscanImplement.__read_data - INFO - 发送处理数据完毕
2025-02-27 18:25:02.443 - collectorLogger - NeuroscanImplement.__read_data - INFO - 发送处理数据完毕
2025-02-27 18:25:02.445 - collectorLogger - NeuroscanImplement.__read_data - INFO - 发送处理数据完毕
2025-02-27 18:25:02.447 - collectorLogger - NeuroscanImplement.__read_data - INFO - 发送处理数据完毕
2025-02-27 18:25:02.448 - collectorLogger - NeuroscanImplement.__read_data - INFO - 发送处理数据完毕
2025-02-27 18:25:02.450 - collectorLogger - NeuroscanImplement.__read_data - INFO - 发送处理数据完毕
2025-02-27 18:25:02.452 - collectorLogger - NeuroscanImplement.__read_data - INFO - 发送处理数据完毕
2025-02-27 18:25:02.453 - collectorLogger - NeuroscanImplement.__read_data - INFO - 发送处理数据完毕
2025-02-27 18:25:02.455 - collectorLogger - NeuroscanImplement.__read_data - INFO - 发送处理数据完毕
2025-02-27 18:25:02.456 - collectorLogger - NeuroscanImplement.__read_data - INFO - 发送处理数据完毕
2025-02-27 18:25:02.458 - collectorLogger - NeuroscanImplement.__read_data - INFO - 发送处理数据完毕
2025-02-27 18:25:02.459 - collectorLogger - NeuroscanImplement.__read_data - INFO - 发送处理数据完毕
2025-02-27 18:25:02.461 - collectorLogger - NeuroscanImplement.__read_data - INFO - 发送处理数据完毕
2025-02-27 18:25:02.463 - collectorLogger - NeuroscanImplement.__read_data - INFO - 发送处理数据完毕
2025-02-27 18:25:02.464 - collectorLogger - NeuroscanImplement.__read_data - INFO - 发送处理数据完毕
2025-02-27 18:25:02.466 - collectorLogger - NeuroscanImplement.__read_data - INFO - 发送处理数据完毕
2025-02-27 18:25:02.468 - collectorLogger - NeuroscanImplement.__read_data - INFO - 发送处理数据完毕
2025-02-27 18:25:02.469 - collectorLogger - NeuroscanImplement.__read_data - INFO - 发送处理数据完毕
2025-02-27 18:25:02.471 - collectorLogger - NeuroscanImplement.__read_data - INFO - 发送处理数据完毕
2025-02-27 18:25:02.472 - collectorLogger - NeuroscanImplement.__read_data - INFO - 发送处理数据完毕
2025-02-27 18:25:02.473 - collectorLogger - NeuroscanImplement.__read_data - INFO - 发送处理数据完毕
2025-02-27 18:25:02.475 - collectorLogger - NeuroscanImplement.__read_data - INFO - 发送处理数据完毕
2025-02-27 18:25:02.476 - collectorLogger - NeuroscanImplement.__read_data - INFO - 发送处理数据完毕
2025-02-27 18:25:02.478 - collectorLogger - NeuroscanImplement.__read_data - INFO - 发送处理数据完毕
2025-02-27 18:25:02.479 - collectorLogger - NeuroscanImplement.__read_data - INFO - 发送处理数据完毕
2025-02-27 18:25:02.480 - collectorLogger - NeuroscanImplement.__read_data - INFO - 发送处理数据完毕
2025-02-27 18:25:02.481 - collectorLogger - NeuroscanImplement.__read_data - INFO - 发送处理数据完毕
2025-02-27 18:25:02.483 - collectorLogger - NeuroscanImplement.__read_data - INFO - 发送处理数据完毕
2025-02-27 18:25:02.485 - collectorLogger - NeuroscanImplement.__read_data - INFO - 发送处理数据完毕
2025-02-27 18:25:02.486 - collectorLogger - NeuroscanImplement.__read_data - INFO - 发送处理数据完毕
2025-02-27 18:25:02.487 - collectorLogger - NeuroscanImplement.__read_data - INFO - 发送处理数据完毕
2025-02-27 18:25:02.489 - collectorLogger - NeuroscanImplement.__read_data - INFO - 发送处理数据完毕
2025-02-27 18:25:02.490 - collectorLogger - NeuroscanImplement.__read_data - INFO - 发送处理数据完毕
2025-02-27 18:25:02.491 - collectorLogger - NeuroscanImplement.__read_data - INFO - 发送处理数据完毕
2025-02-27 18:25:02.493 - collectorLogger - NeuroscanImplement.__read_data - INFO - 发送处理数据完毕
2025-02-27 18:25:02.494 - collectorLogger - NeuroscanImplement.__read_data - INFO - 发送处理数据完毕
2025-02-27 18:25:02.496 - collectorLogger - NeuroscanImplement.__read_data - INFO - 发送处理数据完毕
2025-02-27 18:25:02.497 - collectorLogger - NeuroscanImplement.__read_data - INFO - 发送处理数据完毕
2025-02-27 18:25:02.499 - collectorLogger - NeuroscanImplement.__read_data - INFO - 发送处理数据完毕
2025-02-27 18:25:02.500 - collectorLogger - NeuroscanImplement.__read_data - INFO - 发送处理数据完毕
2025-02-27 18:25:02.502 - collectorLogger - NeuroscanImplement.__read_data - INFO - 发送处理数据完毕
2025-02-27 18:25:02.503 - collectorLogger - NeuroscanImplement.__read_data - INFO - 发送处理数据完毕
2025-02-27 18:25:02.504 - collectorLogger - NeuroscanImplement.__read_data - INFO - 发送处理数据完毕
2025-02-27 18:25:02.506 - collectorLogger - NeuroscanImplement.__read_data - INFO - 发送处理数据完毕
2025-02-27 18:25:02.507 - collectorLogger - NeuroscanImplement.__read_data - INFO - 发送处理数据完毕
2025-02-27 18:25:02.509 - collectorLogger - NeuroscanImplement.__read_data - INFO - 发送处理数据完毕
2025-02-27 18:25:02.510 - collectorLogger - NeuroscanImplement.__read_data - INFO - 发送处理数据完毕
2025-02-27 18:25:02.512 - collectorLogger - NeuroscanImplement.__read_data - INFO - 发送处理数据完毕
2025-02-27 18:25:02.513 - collectorLogger - NeuroscanImplement.__read_data - INFO - 发送处理数据完毕
2025-02-27 18:25:02.514 - collectorLogger - NeuroscanImplement.__read_data - INFO - 发送处理数据完毕
2025-02-27 18:25:02.516 - collectorLogger - NeuroscanImplement.__read_data - INFO - 发送处理数据完毕
2025-02-27 18:25:02.517 - collectorLogger - NeuroscanImplement.__read_data - INFO - 发送处理数据完毕
2025-02-27 18:25:02.518 - collectorLogger - NeuroscanImplement.__read_data - INFO - 发送处理数据完毕
2025-02-27 18:25:02.520 - collectorLogger - NeuroscanImplement.__read_data - INFO - 发送处理数据完毕
2025-02-27 18:25:02.521 - collectorLogger - NeuroscanImplement.__read_data - INFO - 发送处理数据完毕
2025-02-27 18:25:02.522 - collectorLogger - NeuroscanImplement.__read_data - INFO - 发送处理数据完毕
2025-02-27 18:25:02.524 - collectorLogger - NeuroscanImplement.__read_data - INFO - 发送处理数据完毕
2025-02-27 18:25:02.525 - collectorLogger - NeuroscanImplement.__read_data - INFO - 发送处理数据完毕
2025-02-27 18:25:02.526 - collectorLogger - NeuroscanImplement.__read_data - INFO - 发送处理数据完毕
2025-02-27 18:25:02.527 - collectorLogger - NeuroscanImplement.__read_data - INFO - 发送处理数据完毕
2025-02-27 18:25:02.529 - collectorLogger - NeuroscanImplement.__read_data - INFO - 发送处理数据完毕
2025-02-27 18:25:02.530 - collectorLogger - NeuroscanImplement.__read_data - INFO - 发送处理数据完毕
2025-02-27 18:25:02.531 - collectorLogger - NeuroscanImplement.__read_data - INFO - 发送处理数据完毕
2025-02-27 18:25:02.533 - collectorLogger - NeuroscanImplement.__read_data - INFO - 发送处理数据完毕
2025-02-27 18:25:02.534 - collectorLogger - NeuroscanImplement.__read_data - INFO - 发送处理数据完毕
2025-02-27 18:25:02.535 - collectorLogger - NeuroscanImplement.__read_data - INFO - 发送处理数据完毕
2025-02-27 18:25:02.536 - collectorLogger - NeuroscanImplement.__read_data - INFO - 发送处理数据完毕
2025-02-27 18:25:02.538 - collectorLogger - NeuroscanImplement.__read_data - INFO - 发送处理数据完毕
2025-02-27 18:25:02.539 - collectorLogger - NeuroscanImplement.__read_data - INFO - 发送处理数据完毕
2025-02-27 18:25:02.540 - collectorLogger - NeuroscanImplement.__read_data - INFO - 发送处理数据完毕
2025-02-27 18:25:02.542 - collectorLogger - NeuroscanImplement.__read_data - INFO - 发送处理数据完毕
2025-02-27 18:25:02.543 - collectorLogger - NeuroscanImplement.__read_data - INFO - 发送处理数据完毕
2025-02-27 18:25:02.544 - collectorLogger - NeuroscanImplement.__read_data - INFO - 发送处理数据完毕
2025-02-27 18:25:02.546 - collectorLogger - NeuroscanImplement.__read_data - INFO - 发送处理数据完毕
2025-02-27 18:25:02.547 - collectorLogger - NeuroscanImplement.__read_data - INFO - 发送处理数据完毕
2025-02-27 18:25:02.548 - collectorLogger - NeuroscanImplement.__read_data - INFO - 发送处理数据完毕
2025-02-27 18:25:02.550 - collectorLogger - NeuroscanImplement.__read_data - INFO - 发送处理数据完毕
2025-02-27 18:25:02.551 - collectorLogger - NeuroscanImplement.__read_data - INFO - 发送处理数据完毕
2025-02-27 18:25:02.552 - collectorLogger - NeuroscanImplement.__read_data - INFO - 发送处理数据完毕
2025-02-27 18:25:02.554 - collectorLogger - NeuroscanImplement.__read_data - INFO - 发送处理数据完毕
2025-02-27 18:25:02.555 - collectorLogger - NeuroscanImplement.__read_data - INFO - 发送处理数据完毕
2025-02-27 18:25:02.556 - collectorLogger - NeuroscanImplement.__read_data - INFO - 发送处理数据完毕
2025-02-27 18:25:02.558 - collectorLogger - NeuroscanImplement.__read_data - INFO - 发送处理数据完毕
2025-02-27 18:25:02.559 - collectorLogger - NeuroscanImplement.__read_data - INFO - 发送处理数据完毕
2025-02-27 18:25:02.560 - collectorLogger - NeuroscanImplement.__read_data - INFO - 发送处理数据完毕
2025-02-27 18:25:02.562 - collectorLogger - NeuroscanImplement.__read_data - INFO - 发送处理数据完毕
2025-02-27 18:25:02.563 - collectorLogger - NeuroscanImplement.__read_data - INFO - 发送处理数据完毕
2025-02-27 18:25:02.564 - collectorLogger - NeuroscanImplement.__read_data - INFO - 发送处理数据完毕
2025-02-27 18:25:02.566 - collectorLogger - NeuroscanImplement.__read_data - INFO - 发送处理数据完毕
2025-02-27 18:25:02.567 - collectorLogger - NeuroscanImplement.__read_data - INFO - 发送处理数据完毕
2025-02-27 18:25:02.569 - collectorLogger - NeuroscanImplement.__read_data - INFO - 发送处理数据完毕
2025-02-27 18:25:02.570 - collectorLogger - NeuroscanImplement.__read_data - INFO - 发送处理数据完毕
2025-02-27 18:25:02.572 - collectorLogger - NeuroscanImplement.__read_data - INFO - 发送处理数据完毕
2025-02-27 18:25:02.573 - collectorLogger - NeuroscanImplement.__read_data - INFO - 发送处理数据完毕
2025-02-27 18:25:02.575 - collectorLogger - NeuroscanImplement.__read_data - INFO - 发送处理数据完毕
2025-02-27 18:25:02.576 - collectorLogger - NeuroscanImplement.__read_data - INFO - 发送处理数据完毕
2025-02-27 18:25:02.577 - collectorLogger - NeuroscanImplement.__read_data - INFO - 发送处理数据完毕
2025-02-27 18:25:02.579 - collectorLogger - NeuroscanImplement.__read_data - INFO - 发送处理数据完毕
2025-02-27 18:25:02.580 - collectorLogger - NeuroscanImplement.__read_data - INFO - 发送处理数据完毕
2025-02-27 18:25:02.581 - collectorLogger - NeuroscanImplement.__read_data - INFO - 发送处理数据完毕
2025-02-27 18:25:02.583 - collectorLogger - NeuroscanImplement.__read_data - INFO - 发送处理数据完毕
2025-02-27 18:25:02.585 - collectorLogger - NeuroscanImplement.__read_data - INFO - 发送处理数据完毕
2025-02-27 18:25:02.586 - collectorLogger - NeuroscanImplement.__read_data - INFO - 发送处理数据完毕
2025-02-27 18:25:02.588 - collectorLogger - NeuroscanImplement.__read_data - INFO - 发送处理数据完毕
2025-02-27 18:25:02.589 - collectorLogger - NeuroscanImplement.__read_data - INFO - 发送处理数据完毕
2025-02-27 18:25:02.591 - collectorLogger - NeuroscanImplement.__read_data - INFO - 发送处理数据完毕
2025-02-27 18:25:02.592 - collectorLogger - NeuroscanImplement.__read_data - INFO - 发送处理数据完毕
2025-02-27 18:25:02.593 - collectorLogger - NeuroscanImplement.__read_data - INFO - 发送处理数据完毕
2025-02-27 18:25:02.595 - collectorLogger - NeuroscanImplement.__read_data - INFO - 发送处理数据完毕
2025-02-27 18:25:02.596 - collectorLogger - NeuroscanImplement.__read_data - INFO - 发送处理数据完毕
2025-02-27 18:25:02.597 - collectorLogger - NeuroscanImplement.__read_data - INFO - 发送处理数据完毕
2025-02-27 18:25:02.599 - collectorLogger - NeuroscanImplement.__read_data - INFO - 发送处理数据完毕
2025-02-27 18:25:02.600 - collectorLogger - NeuroscanImplement.__read_data - INFO - 发送处理数据完毕
2025-02-27 18:25:02.602 - collectorLogger - NeuroscanImplement.__read_data - INFO - 发送处理数据完毕
2025-02-27 18:25:04.588 - collectorLogger - NeuroscanImplement.__read_data - INFO - 发送处理数据完毕
2025-02-27 18:25:04.591 - collectorLogger - NeuroscanImplement.__read_data - INFO - 发送处理数据完毕
2025-02-27 18:25:04.593 - collectorLogger - NeuroscanImplement.__read_data - INFO - 发送处理数据完毕
2025-02-27 18:25:04.594 - collectorLogger - NeuroscanImplement.__read_data - INFO - 发送处理数据完毕
2025-02-27 18:25:04.596 - collectorLogger - NeuroscanImplement.__read_data - INFO - 发送处理数据完毕
2025-02-27 18:25:04.599 - collectorLogger - NeuroscanImplement.__read_data - INFO - 发送处理数据完毕
2025-02-27 18:25:04.602 - collectorLogger - NeuroscanImplement.__read_data - INFO - 发送处理数据完毕
2025-02-27 18:25:04.605 - collectorLogger - NeuroscanImplement.__read_data - INFO - 发送处理数据完毕
2025-02-27 18:25:04.607 - collectorLogger - NeuroscanImplement.__read_data - INFO - 发送处理数据完毕
2025-02-27 18:25:04.608 - collectorLogger - NeuroscanImplement.__read_data - INFO - 发送处理数据完毕
2025-02-27 18:25:04.614 - collectorLogger - NeuroscanImplement.__read_data - INFO - 发送处理数据完毕
2025-02-27 18:25:04.616 - collectorLogger - NeuroscanImplement.__read_data - INFO - 发送处理数据完毕
2025-02-27 18:25:04.619 - collectorLogger - NeuroscanImplement.__read_data - INFO - 发送处理数据完毕
2025-02-27 18:25:04.621 - collectorLogger - NeuroscanImplement.__read_data - INFO - 发送处理数据完毕
2025-02-27 18:25:04.623 - collectorLogger - NeuroscanImplement.__read_data - INFO - 发送处理数据完毕
2025-02-27 18:25:04.625 - collectorLogger - NeuroscanImplement.__read_data - INFO - 发送处理数据完毕
2025-02-27 18:25:04.627 - collectorLogger - NeuroscanImplement.__read_data - INFO - 发送处理数据完毕
2025-02-27 18:25:04.629 - collectorLogger - NeuroscanImplement.__read_data - INFO - 发送处理数据完毕
2025-02-27 18:25:04.631 - collectorLogger - NeuroscanImplement.__read_data - INFO - 发送处理数据完毕
2025-02-27 18:25:04.634 - collectorLogger - NeuroscanImplement.__read_data - INFO - 发送处理数据完毕
2025-02-27 18:25:04.637 - collectorLogger - NeuroscanImplement.__read_data - INFO - 发送处理数据完毕
2025-02-27 18:25:04.639 - collectorLogger - NeuroscanImplement.__read_data - INFO - 发送处理数据完毕
2025-02-27 18:25:04.643 - collectorLogger - NeuroscanImplement.__read_data - INFO - 发送处理数据完毕
2025-02-27 18:25:04.646 - collectorLogger - NeuroscanImplement.__read_data - INFO - 发送处理数据完毕
2025-02-27 18:25:04.648 - collectorLogger - NeuroscanImplement.__read_data - INFO - 发送处理数据完毕
2025-02-27 18:25:04.650 - collectorLogger - NeuroscanImplement.__read_data - INFO - 发送处理数据完毕
2025-02-27 18:25:04.654 - collectorLogger - NeuroscanImplement.__read_data - INFO - 发送处理数据完毕
2025-02-27 18:25:04.656 - collectorLogger - NeuroscanImplement.__read_data - INFO - 发送处理数据完毕
2025-02-27 18:25:04.660 - collectorLogger - NeuroscanImplement.__read_data - INFO - 发送处理数据完毕
2025-02-27 18:25:04.662 - collectorLogger - NeuroscanImplement.__read_data - INFO - 发送处理数据完毕
2025-02-27 18:25:04.665 - collectorLogger - NeuroscanImplement.__read_data - INFO - 发送处理数据完毕
2025-02-27 18:25:04.670 - collectorLogger - NeuroscanImplement.__read_data - INFO - 发送处理数据完毕
2025-02-27 18:25:04.672 - collectorLogger - NeuroscanImplement.__read_data - INFO - 发送处理数据完毕
2025-02-27 18:25:04.675 - collectorLogger - NeuroscanImplement.__read_data - INFO - 发送处理数据完毕
2025-02-27 18:25:04.677 - collectorLogger - NeuroscanImplement.__read_data - INFO - 发送处理数据完毕
2025-02-27 18:25:04.680 - collectorLogger - NeuroscanImplement.__read_data - INFO - 发送处理数据完毕
2025-02-27 18:25:04.683 - collectorLogger - NeuroscanImplement.__read_data - INFO - 发送处理数据完毕
2025-02-27 18:25:04.686 - collectorLogger - NeuroscanImplement.__read_data - INFO - 发送处理数据完毕
2025-02-27 18:25:04.688 - collectorLogger - NeuroscanImplement.__read_data - INFO - 发送处理数据完毕
2025-02-27 18:25:04.691 - collectorLogger - NeuroscanImplement.__read_data - INFO - 发送处理数据完毕
2025-02-27 18:25:04.695 - collectorLogger - NeuroscanImplement.__read_data - INFO - 发送处理数据完毕
2025-02-27 18:25:04.697 - collectorLogger - NeuroscanImplement.__read_data - INFO - 发送处理数据完毕
2025-02-27 18:25:04.702 - collectorLogger - NeuroscanImplement.__read_data - INFO - 发送处理数据完毕
2025-02-27 18:25:04.704 - collectorLogger - NeuroscanImplement.__read_data - INFO - 发送处理数据完毕
2025-02-27 18:25:04.707 - collectorLogger - NeuroscanImplement.__read_data - INFO - 发送处理数据完毕
2025-02-27 18:25:04.709 - collectorLogger - NeuroscanImplement.__read_data - INFO - 发送处理数据完毕
2025-02-27 18:25:04.712 - collectorLogger - NeuroscanImplement.__read_data - INFO - 发送处理数据完毕
2025-02-27 18:25:04.715 - collectorLogger - NeuroscanImplement.__read_data - INFO - 发送处理数据完毕
2025-02-27 18:25:04.719 - collectorLogger - NeuroscanImplement.__read_data - INFO - 发送处理数据完毕
2025-02-27 18:25:04.722 - collectorLogger - NeuroscanImplement.__read_data - INFO - 发送处理数据完毕
2025-02-27 18:25:04.725 - collectorLogger - NeuroscanImplement.__read_data - INFO - 发送处理数据完毕
2025-02-27 18:25:04.728 - collectorLogger - NeuroscanImplement.__read_data - INFO - 发送处理数据完毕
2025-02-27 18:25:04.730 - collectorLogger - NeuroscanImplement.__read_data - INFO - 发送处理数据完毕
2025-02-27 18:25:04.733 - collectorLogger - NeuroscanImplement.__read_data - INFO - 发送处理数据完毕
2025-02-27 18:25:04.739 - collectorLogger - NeuroscanImplement.__read_data - INFO - 发送处理数据完毕
2025-02-27 18:25:04.742 - collectorLogger - NeuroscanImplement.__read_data - INFO - 发送处理数据完毕
2025-02-27 18:25:04.744 - collectorLogger - NeuroscanImplement.__read_data - INFO - 发送处理数据完毕
2025-02-27 18:25:04.747 - collectorLogger - NeuroscanImplement.__read_data - INFO - 发送处理数据完毕
2025-02-27 18:25:04.752 - collectorLogger - NeuroscanImplement.__read_data - INFO - 发送处理数据完毕
2025-02-27 18:25:04.755 - collectorLogger - NeuroscanImplement.__read_data - INFO - 发送处理数据完毕
2025-02-27 18:25:04.758 - collectorLogger - NeuroscanImplement.__read_data - INFO - 发送处理数据完毕
2025-02-27 18:25:04.761 - collectorLogger - NeuroscanImplement.__read_data - INFO - 发送处理数据完毕
2025-02-27 18:25:04.763 - collectorLogger - NeuroscanImplement.__read_data - INFO - 发送处理数据完毕
2025-02-27 18:25:04.767 - collectorLogger - NeuroscanImplement.__read_data - INFO - 发送处理数据完毕
2025-02-27 18:25:04.771 - collectorLogger - NeuroscanImplement.__read_data - INFO - 发送处理数据完毕
2025-02-27 18:25:04.774 - collectorLogger - NeuroscanImplement.__read_data - INFO - 发送处理数据完毕
2025-02-27 18:25:04.778 - collectorLogger - NeuroscanImplement.__read_data - INFO - 发送处理数据完毕
2025-02-27 18:25:04.781 - collectorLogger - NeuroscanImplement.__read_data - INFO - 发送处理数据完毕
2025-02-27 18:25:04.784 - collectorLogger - NeuroscanImplement.__read_data - INFO - 发送处理数据完毕
2025-02-27 18:25:04.789 - collectorLogger - NeuroscanImplement.__read_data - INFO - 发送处理数据完毕
2025-02-27 18:25:04.793 - collectorLogger - NeuroscanImplement.__read_data - INFO - 发送处理数据完毕
2025-02-27 18:25:04.796 - collectorLogger - NeuroscanImplement.__read_data - INFO - 发送处理数据完毕
2025-02-27 18:25:04.799 - collectorLogger - NeuroscanImplement.__read_data - INFO - 发送处理数据完毕
2025-02-27 18:25:04.802 - collectorLogger - NeuroscanImplement.__read_data - INFO - 发送处理数据完毕
2025-02-27 18:25:04.806 - collectorLogger - NeuroscanImplement.__read_data - INFO - 发送处理数据完毕
2025-02-27 18:25:04.808 - collectorLogger - NeuroscanImplement.__read_data - INFO - 发送处理数据完毕
2025-02-27 18:25:04.811 - collectorLogger - NeuroscanImplement.__read_data - INFO - 发送处理数据完毕
2025-02-27 18:25:04.813 - collectorLogger - NeuroscanImplement.__read_data - INFO - 发送处理数据完毕
2025-02-27 18:25:04.816 - collectorLogger - NeuroscanImplement.__read_data - INFO - 发送处理数据完毕
2025-02-27 18:25:04.820 - collectorLogger - NeuroscanImplement.__read_data - INFO - 发送处理数据完毕
2025-02-27 18:25:04.822 - collectorLogger - NeuroscanImplement.__read_data - INFO - 发送处理数据完毕
2025-02-27 18:25:04.824 - collectorLogger - NeuroscanImplement.__read_data - INFO - 发送处理数据完毕
2025-02-27 18:25:04.829 - collectorLogger - NeuroscanImplement.__read_data - INFO - 发送处理数据完毕
2025-02-27 18:25:04.833 - collectorLogger - NeuroscanImplement.__read_data - INFO - 发送处理数据完毕
2025-02-27 18:25:04.838 - collectorLogger - NeuroscanImplement.__read_data - INFO - 发送处理数据完毕
2025-02-27 18:25:04.841 - collectorLogger - NeuroscanImplement.__read_data - INFO - 发送处理数据完毕
2025-02-27 18:25:04.843 - collectorLogger - NeuroscanImplement.__read_data - INFO - 发送处理数据完毕
2025-02-27 18:25:04.846 - collectorLogger - NeuroscanImplement.__read_data - INFO - 发送处理数据完毕
2025-02-27 18:25:04.849 - collectorLogger - NeuroscanImplement.__read_data - INFO - 发送处理数据完毕
2025-02-27 18:25:04.851 - collectorLogger - NeuroscanImplement.__read_data - INFO - 发送处理数据完毕
2025-02-27 18:25:04.854 - collectorLogger - NeuroscanImplement.__read_data - INFO - 发送处理数据完毕
2025-02-27 18:25:04.857 - collectorLogger - NeuroscanImplement.__read_data - INFO - 发送处理数据完毕
2025-02-27 18:25:04.859 - collectorLogger - NeuroscanImplement.__read_data - INFO - 发送处理数据完毕
2025-02-27 18:25:04.862 - collectorLogger - NeuroscanImplement.__read_data - INFO - 发送处理数据完毕
2025-02-27 18:25:04.864 - collectorLogger - NeuroscanImplement.__read_data - INFO - 发送处理数据完毕
2025-02-27 18:25:04.866 - collectorLogger - NeuroscanImplement.__read_data - INFO - 发送处理数据完毕
2025-02-27 18:25:04.869 - collectorLogger - NeuroscanImplement.__read_data - INFO - 发送处理数据完毕
2025-02-27 18:25:04.872 - collectorLogger - NeuroscanImplement.__read_data - INFO - 发送处理数据完毕
2025-02-27 18:25:04.875 - collectorLogger - NeuroscanImplement.__read_data - INFO - 发送处理数据完毕
2025-02-27 18:25:04.878 - collectorLogger - NeuroscanImplement.__read_data - INFO - 发送处理数据完毕
2025-02-27 18:25:04.881 - collectorLogger - NeuroscanImplement.__read_data - INFO - 发送处理数据完毕
2025-02-27 18:25:04.886 - collectorLogger - NeuroscanImplement.__read_data - INFO - 发送处理数据完毕
2025-02-27 18:25:04.891 - collectorLogger - NeuroscanImplement.__read_data - INFO - 发送处理数据完毕
2025-02-27 18:25:04.895 - collectorLogger - NeuroscanImplement.__read_data - INFO - 发送处理数据完毕
2025-02-27 18:25:04.898 - collectorLogger - NeuroscanImplement.__read_data - INFO - 发送处理数据完毕
2025-02-27 18:25:04.902 - collectorLogger - NeuroscanImplement.__read_data - INFO - 发送处理数据完毕
2025-02-27 18:25:04.905 - collectorLogger - NeuroscanImplement.__read_data - INFO - 发送处理数据完毕
2025-02-27 18:25:04.908 - collectorLogger - NeuroscanImplement.__read_data - INFO - 发送处理数据完毕
2025-02-27 18:25:04.911 - collectorLogger - NeuroscanImplement.__read_data - INFO - 发送处理数据完毕
2025-02-27 18:25:04.913 - collectorLogger - NeuroscanImplement.__read_data - INFO - 发送处理数据完毕
2025-02-27 18:25:04.915 - collectorLogger - NeuroscanImplement.__read_data - INFO - 发送处理数据完毕
2025-02-27 18:25:04.918 - collectorLogger - NeuroscanImplement.__read_data - INFO - 发送处理数据完毕
2025-02-27 18:25:04.921 - collectorLogger - NeuroscanImplement.__read_data - INFO - 发送处理数据完毕
2025-02-27 18:25:04.924 - collectorLogger - NeuroscanImplement.__read_data - INFO - 发送处理数据完毕
2025-02-27 18:25:04.925 - collectorLogger - NeuroscanImplement.__read_data - INFO - 发送处理数据完毕
2025-02-27 18:25:04.927 - collectorLogger - NeuroscanImplement.__read_data - INFO - 发送处理数据完毕
2025-02-27 18:25:04.929 - collectorLogger - NeuroscanImplement.__read_data - INFO - 发送处理数据完毕
2025-02-27 18:25:04.933 - collectorLogger - NeuroscanImplement.__read_data - INFO - 发送处理数据完毕
2025-02-27 18:25:04.936 - collectorLogger - NeuroscanImplement.__read_data - INFO - 发送处理数据完毕
2025-02-27 18:25:04.938 - collectorLogger - NeuroscanImplement.__read_data - INFO - 发送处理数据完毕
2025-02-27 18:25:04.941 - collectorLogger - NeuroscanImplement.__read_data - INFO - 发送处理数据完毕
2025-02-27 18:25:04.943 - collectorLogger - NeuroscanImplement.__read_data - INFO - 发送处理数据完毕
2025-02-27 18:25:04.944 - collectorLogger - NeuroscanImplement.__read_data - INFO - 发送处理数据完毕
2025-02-27 18:25:04.947 - collectorLogger - NeuroscanImplement.__read_data - INFO - 发送处理数据完毕
2025-02-27 18:25:04.949 - collectorLogger - NeuroscanImplement.__read_data - INFO - 发送处理数据完毕
2025-02-27 18:25:04.951 - collectorLogger - NeuroscanImplement.__read_data - INFO - 发送处理数据完毕
2025-02-27 18:25:04.955 - collectorLogger - NeuroscanImplement.__read_data - INFO - 发送处理数据完毕
2025-02-27 18:25:04.957 - collectorLogger - NeuroscanImplement.__read_data - INFO - 发送处理数据完毕
2025-02-27 18:25:04.959 - collectorLogger - NeuroscanImplement.__read_data - INFO - 发送处理数据完毕
2025-02-27 18:25:04.961 - collectorLogger - NeuroscanImplement.__read_data - INFO - 发送处理数据完毕
2025-02-27 18:25:04.963 - collectorLogger - NeuroscanImplement.__read_data - INFO - 发送处理数据完毕
2025-02-27 18:25:04.964 - collectorLogger - NeuroscanImplement.__read_data - INFO - 发送处理数据完毕
2025-02-27 18:25:04.966 - collectorLogger - NeuroscanImplement.__read_data - INFO - 发送处理数据完毕
2025-02-27 18:25:04.969 - collectorLogger - NeuroscanImplement.__read_data - INFO - 发送处理数据完毕
2025-02-27 18:25:04.970 - collectorLogger - NeuroscanImplement.__read_data - INFO - 发送处理数据完毕
2025-02-27 18:25:04.972 - collectorLogger - NeuroscanImplement.__read_data - INFO - 发送处理数据完毕
2025-02-27 18:25:04.974 - collectorLogger - NeuroscanImplement.__read_data - INFO - 发送处理数据完毕
2025-02-27 18:25:04.975 - collectorLogger - NeuroscanImplement.__read_data - INFO - 发送处理数据完毕
2025-02-27 18:25:04.977 - collectorLogger - NeuroscanImplement.__read_data - INFO - 发送处理数据完毕
2025-02-27 18:25:04.979 - collectorLogger - NeuroscanImplement.__read_data - INFO - 发送处理数据完毕
2025-02-27 18:25:04.980 - collectorLogger - NeuroscanImplement.__read_data - INFO - 发送处理数据完毕
2025-02-27 18:25:04.982 - collectorLogger - NeuroscanImplement.__read_data - INFO - 发送处理数据完毕
2025-02-27 18:25:04.983 - collectorLogger - NeuroscanImplement.__read_data - INFO - 发送处理数据完毕
2025-02-27 18:25:04.985 - collectorLogger - NeuroscanImplement.__read_data - INFO - 发送处理数据完毕
2025-02-27 18:25:04.987 - collectorLogger - NeuroscanImplement.__read_data - INFO - 发送处理数据完毕
2025-02-27 18:25:04.988 - collectorLogger - NeuroscanImplement.__read_data - INFO - 发送处理数据完毕
2025-02-27 18:25:04.991 - collectorLogger - NeuroscanImplement.__read_data - INFO - 发送处理数据完毕
2025-02-27 18:25:04.992 - collectorLogger - NeuroscanImplement.__read_data - INFO - 发送处理数据完毕
2025-02-27 18:25:04.994 - collectorLogger - NeuroscanImplement.__read_data - INFO - 发送处理数据完毕
2025-02-27 18:25:04.996 - collectorLogger - NeuroscanImplement.__read_data - INFO - 发送处理数据完毕
2025-02-27 18:25:04.997 - collectorLogger - NeuroscanImplement.__read_data - INFO - 发送处理数据完毕
2025-02-27 18:25:04.999 - collectorLogger - NeuroscanImplement.__read_data - INFO - 发送处理数据完毕
2025-02-27 18:25:05.001 - collectorLogger - NeuroscanImplement.__read_data - INFO - 发送处理数据完毕
2025-02-27 18:25:05.003 - collectorLogger - NeuroscanImplement.__read_data - INFO - 发送处理数据完毕
2025-02-27 18:25:05.004 - collectorLogger - NeuroscanImplement.__read_data - INFO - 发送处理数据完毕
2025-02-27 18:25:05.006 - collectorLogger - NeuroscanImplement.__read_data - INFO - 发送处理数据完毕
2025-02-27 18:25:05.007 - collectorLogger - NeuroscanImplement.__read_data - INFO - 发送处理数据完毕
2025-02-27 18:25:05.009 - collectorLogger - NeuroscanImplement.__read_data - INFO - 发送处理数据完毕
2025-02-27 18:25:05.010 - collectorLogger - NeuroscanImplement.__read_data - INFO - 发送处理数据完毕
2025-02-27 18:25:05.012 - collectorLogger - NeuroscanImplement.__read_data - INFO - 发送处理数据完毕
2025-02-27 18:25:05.013 - collectorLogger - NeuroscanImplement.__read_data - INFO - 发送处理数据完毕
2025-02-27 18:25:05.015 - collectorLogger - NeuroscanImplement.__read_data - INFO - 发送处理数据完毕
2025-02-27 18:25:05.016 - collectorLogger - NeuroscanImplement.__read_data - INFO - 发送处理数据完毕
2025-02-27 18:25:05.018 - collectorLogger - NeuroscanImplement.__read_data - INFO - 发送处理数据完毕
2025-02-27 18:25:05.019 - collectorLogger - NeuroscanImplement.__read_data - INFO - 发送处理数据完毕
2025-02-27 18:25:05.021 - collectorLogger - NeuroscanImplement.__read_data - INFO - 发送处理数据完毕
2025-02-27 18:25:05.022 - collectorLogger - NeuroscanImplement.__read_data - INFO - 发送处理数据完毕
2025-02-27 18:25:05.024 - collectorLogger - NeuroscanImplement.__read_data - INFO - 发送处理数据完毕
2025-02-27 18:25:05.025 - collectorLogger - NeuroscanImplement.__read_data - INFO - 发送处理数据完毕
2025-02-27 18:25:05.027 - collectorLogger - NeuroscanImplement.__read_data - INFO - 发送处理数据完毕
2025-02-27 18:25:05.029 - collectorLogger - NeuroscanImplement.__read_data - INFO - 发送处理数据完毕
2025-02-27 18:25:05.030 - collectorLogger - NeuroscanImplement.__read_data - INFO - 发送处理数据完毕
2025-02-27 18:25:05.032 - collectorLogger - NeuroscanImplement.__read_data - INFO - 发送处理数据完毕
2025-02-27 18:25:05.034 - collectorLogger - NeuroscanImplement.__read_data - INFO - 发送处理数据完毕
2025-02-27 18:25:05.036 - collectorLogger - NeuroscanImplement.__read_data - INFO - 发送处理数据完毕
2025-02-27 18:25:05.038 - collectorLogger - NeuroscanImplement.__read_data - INFO - 发送处理数据完毕
2025-02-27 18:25:05.039 - collectorLogger - NeuroscanImplement.__read_data - INFO - 发送处理数据完毕
2025-02-27 18:25:05.041 - collectorLogger - NeuroscanImplement.__read_data - INFO - 发送处理数据完毕
2025-02-27 18:25:05.042 - collectorLogger - NeuroscanImplement.__read_data - INFO - 发送处理数据完毕
2025-02-27 18:25:05.044 - collectorLogger - NeuroscanImplement.__read_data - INFO - 发送处理数据完毕
2025-02-27 18:25:05.045 - collectorLogger - NeuroscanImplement.__read_data - INFO - 发送处理数据完毕
2025-02-27 18:25:05.047 - collectorLogger - NeuroscanImplement.__read_data - INFO - 发送处理数据完毕
2025-02-27 18:25:05.048 - collectorLogger - NeuroscanImplement.__read_data - INFO - 发送处理数据完毕
2025-02-27 18:25:05.050 - collectorLogger - NeuroscanImplement.__read_data - INFO - 发送处理数据完毕
2025-02-27 18:25:05.053 - collectorLogger - NeuroscanImplement.__read_data - INFO - 发送处理数据完毕
2025-02-27 18:25:05.054 - collectorLogger - NeuroscanImplement.__read_data - INFO - 发送处理数据完毕
2025-02-27 18:25:05.056 - collectorLogger - NeuroscanImplement.__read_data - INFO - 发送处理数据完毕
2025-02-27 18:25:05.057 - collectorLogger - NeuroscanImplement.__read_data - INFO - 发送处理数据完毕
2025-02-27 18:25:05.059 - collectorLogger - NeuroscanImplement.__read_data - INFO - 发送处理数据完毕
2025-02-27 18:25:05.060 - collectorLogger - NeuroscanImplement.__read_data - INFO - 发送处理数据完毕
2025-02-27 18:25:05.062 - collectorLogger - NeuroscanImplement.__read_data - INFO - 发送处理数据完毕
2025-02-27 18:25:05.063 - collectorLogger - NeuroscanImplement.__read_data - INFO - 发送处理数据完毕
2025-02-27 18:25:05.065 - collectorLogger - NeuroscanImplement.__read_data - INFO - 发送处理数据完毕
2025-02-27 18:25:05.066 - collectorLogger - NeuroscanImplement.__read_data - INFO - 发送处理数据完毕
2025-02-27 18:25:05.069 - collectorLogger - NeuroscanImplement.__read_data - INFO - 发送处理数据完毕
2025-02-27 18:25:05.071 - collectorLogger - NeuroscanImplement.__read_data - INFO - 发送处理数据完毕
2025-02-27 18:25:05.072 - collectorLogger - NeuroscanImplement.__read_data - INFO - 发送处理数据完毕
2025-02-27 18:25:05.074 - collectorLogger - NeuroscanImplement.__read_data - INFO - 发送处理数据完毕
2025-02-27 18:25:05.075 - collectorLogger - NeuroscanImplement.__read_data - INFO - 发送处理数据完毕
2025-02-27 18:25:05.077 - collectorLogger - NeuroscanImplement.__read_data - INFO - 发送处理数据完毕
2025-02-27 18:25:05.079 - collectorLogger - NeuroscanImplement.__read_data - INFO - 发送处理数据完毕
2025-02-27 18:25:05.080 - collectorLogger - NeuroscanImplement.__read_data - INFO - 发送处理数据完毕
2025-02-27 18:25:05.082 - collectorLogger - NeuroscanImplement.__read_data - INFO - 发送处理数据完毕
2025-02-27 18:25:05.083 - collectorLogger - NeuroscanImplement.__read_data - INFO - 发送处理数据完毕
2025-02-27 18:25:05.085 - collectorLogger - NeuroscanImplement.__read_data - INFO - 发送处理数据完毕
2025-02-27 18:25:05.087 - collectorLogger - NeuroscanImplement.__read_data - INFO - 发送处理数据完毕
2025-02-27 18:25:05.089 - collectorLogger - NeuroscanImplement.__read_data - INFO - 发送处理数据完毕
2025-02-27 18:25:05.090 - collectorLogger - NeuroscanImplement.__read_data - INFO - 发送处理数据完毕
2025-02-27 18:25:05.092 - collectorLogger - NeuroscanImplement.__read_data - INFO - 发送处理数据完毕
2025-02-27 18:25:05.094 - collectorLogger - NeuroscanImplement.__read_data - INFO - 发送处理数据完毕
2025-02-27 18:25:05.095 - collectorLogger - NeuroscanImplement.__read_data - INFO - 发送处理数据完毕
2025-02-27 18:25:05.096 - collectorLogger - NeuroscanImplement.__read_data - INFO - 发送处理数据完毕
2025-02-27 18:25:05.098 - collectorLogger - NeuroscanImplement.__read_data - INFO - 发送处理数据完毕
2025-02-27 18:25:05.099 - collectorLogger - NeuroscanImplement.__read_data - INFO - 发送处理数据完毕
2025-02-27 18:25:05.101 - collectorLogger - NeuroscanImplement.__read_data - INFO - 发送处理数据完毕
2025-02-27 18:25:05.104 - collectorLogger - NeuroscanImplement.__read_data - INFO - 发送处理数据完毕
2025-02-27 18:25:05.105 - collectorLogger - NeuroscanImplement.__read_data - INFO - 发送处理数据完毕
2025-02-27 18:25:05.107 - collectorLogger - NeuroscanImplement.__read_data - INFO - 发送处理数据完毕
2025-02-27 18:25:05.109 - collectorLogger - NeuroscanImplement.__read_data - INFO - 发送处理数据完毕
2025-02-27 18:25:05.111 - collectorLogger - NeuroscanImplement.__read_data - INFO - 发送处理数据完毕
2025-02-27 18:25:05.113 - collectorLogger - NeuroscanImplement.__read_data - INFO - 发送处理数据完毕
2025-02-27 18:25:05.114 - collectorLogger - NeuroscanImplement.__read_data - INFO - 发送处理数据完毕
2025-02-27 18:25:05.116 - collectorLogger - NeuroscanImplement.__read_data - INFO - 发送处理数据完毕
2025-02-27 18:25:05.119 - collectorLogger - NeuroscanImplement.__read_data - INFO - 发送处理数据完毕
2025-02-27 18:25:05.121 - collectorLogger - NeuroscanImplement.__read_data - INFO - 发送处理数据完毕
2025-02-27 18:25:05.122 - collectorLogger - NeuroscanImplement.__read_data - INFO - 发送处理数据完毕
2025-02-27 18:25:05.124 - collectorLogger - NeuroscanImplement.__read_data - INFO - 发送处理数据完毕
2025-02-27 18:25:05.125 - collectorLogger - NeuroscanImplement.__read_data - INFO - 发送处理数据完毕
2025-02-27 18:25:05.128 - collectorLogger - NeuroscanImplement.__read_data - INFO - 发送处理数据完毕
2025-02-27 18:25:05.129 - collectorLogger - NeuroscanImplement.__read_data - INFO - 发送处理数据完毕
2025-02-27 18:25:05.131 - collectorLogger - NeuroscanImplement.__read_data - INFO - 发送处理数据完毕
2025-02-27 18:25:05.132 - collectorLogger - NeuroscanImplement.__read_data - INFO - 发送处理数据完毕
2025-02-27 18:25:05.134 - collectorLogger - NeuroscanImplement.__read_data - INFO - 发送处理数据完毕
2025-02-27 18:25:05.136 - collectorLogger - NeuroscanImplement.__read_data - INFO - 发送处理数据完毕
2025-02-27 18:25:05.138 - collectorLogger - NeuroscanImplement.__read_data - INFO - 发送处理数据完毕
2025-02-27 18:25:05.139 - collectorLogger - NeuroscanImplement.__read_data - INFO - 发送处理数据完毕
2025-02-27 18:25:05.141 - collectorLogger - NeuroscanImplement.__read_data - INFO - 发送处理数据完毕
2025-02-27 18:25:05.142 - collectorLogger - NeuroscanImplement.__read_data - INFO - 发送处理数据完毕
2025-02-27 18:25:05.144 - collectorLogger - NeuroscanImplement.__read_data - INFO - 发送处理数据完毕
2025-02-27 18:25:05.145 - collectorLogger - NeuroscanImplement.__read_data - INFO - 发送处理数据完毕
2025-02-27 18:25:05.147 - collectorLogger - NeuroscanImplement.__read_data - INFO - 发送处理数据完毕
2025-02-27 18:25:05.148 - collectorLogger - NeuroscanImplement.__read_data - INFO - 发送处理数据完毕
2025-02-27 18:25:05.149 - collectorLogger - NeuroscanImplement.__read_data - INFO - 发送处理数据完毕
2025-02-27 18:25:05.151 - collectorLogger - NeuroscanImplement.__read_data - INFO - 发送处理数据完毕
2025-02-27 18:25:05.153 - collectorLogger - NeuroscanImplement.__read_data - INFO - 发送处理数据完毕
2025-02-27 18:25:05.154 - collectorLogger - NeuroscanImplement.__read_data - INFO - 发送处理数据完毕
2025-02-27 18:25:05.155 - collectorLogger - NeuroscanImplement.__read_data - INFO - 发送处理数据完毕
2025-02-27 18:25:05.157 - collectorLogger - NeuroscanImplement.__read_data - INFO - 发送处理数据完毕
2025-02-27 18:25:05.158 - collectorLogger - NeuroscanImplement.__read_data - INFO - 发送处理数据完毕
2025-02-27 18:25:05.160 - collectorLogger - NeuroscanImplement.__read_data - INFO - 发送处理数据完毕
2025-02-27 18:25:05.161 - collectorLogger - NeuroscanImplement.__read_data - INFO - 发送处理数据完毕
2025-02-27 18:25:05.163 - collectorLogger - NeuroscanImplement.__read_data - INFO - 发送处理数据完毕
2025-02-27 18:25:05.166 - collectorLogger - NeuroscanImplement.__read_data - INFO - 发送处理数据完毕
2025-02-27 18:25:05.168 - collectorLogger - NeuroscanImplement.__read_data - INFO - 发送处理数据完毕
2025-02-27 18:25:05.169 - collectorLogger - NeuroscanImplement.__read_data - INFO - 发送处理数据完毕
2025-02-27 18:25:05.171 - collectorLogger - NeuroscanImplement.__read_data - INFO - 发送处理数据完毕
2025-02-27 18:25:05.172 - collectorLogger - NeuroscanImplement.__read_data - INFO - 发送处理数据完毕
2025-02-27 18:25:05.174 - collectorLogger - NeuroscanImplement.__read_data - INFO - 发送处理数据完毕
2025-02-27 18:25:05.175 - collectorLogger - NeuroscanImplement.__read_data - INFO - 发送处理数据完毕
2025-02-27 18:25:05.176 - collectorLogger - NeuroscanImplement.__read_data - INFO - 发送处理数据完毕
2025-02-27 18:25:05.178 - collectorLogger - NeuroscanImplement.__read_data - INFO - 发送处理数据完毕
2025-02-27 18:25:05.181 - collectorLogger - NeuroscanImplement.__read_data - INFO - 发送处理数据完毕
2025-02-27 18:25:05.185 - collectorLogger - NeuroscanImplement.__read_data - INFO - 发送处理数据完毕
2025-02-27 18:25:05.188 - collectorLogger - NeuroscanImplement.__read_data - INFO - 发送处理数据完毕
2025-02-27 18:25:05.190 - collectorLogger - NeuroscanImplement.__read_data - INFO - 发送处理数据完毕
2025-02-27 18:25:05.195 - collectorLogger - NeuroscanImplement.__read_data - INFO - 发送处理数据完毕
2025-02-27 18:25:05.197 - collectorLogger - NeuroscanImplement.__read_data - INFO - 发送处理数据完毕
2025-02-27 18:25:05.199 - collectorLogger - NeuroscanImplement.__read_data - INFO - 发送处理数据完毕
2025-02-27 18:25:05.202 - collectorLogger - NeuroscanImplement.__read_data - INFO - 发送处理数据完毕
2025-02-27 18:25:05.204 - collectorLogger - NeuroscanImplement.__read_data - INFO - 发送处理数据完毕
2025-02-27 18:25:05.206 - collectorLogger - NeuroscanImplement.__read_data - INFO - 发送处理数据完毕
2025-02-27 18:25:05.208 - collectorLogger - NeuroscanImplement.__read_data - INFO - 发送处理数据完毕
2025-02-27 18:25:05.209 - collectorLogger - NeuroscanImplement.__read_data - INFO - 发送处理数据完毕
2025-02-27 18:25:05.211 - collectorLogger - NeuroscanImplement.__read_data - INFO - 发送处理数据完毕
2025-02-27 18:25:05.213 - collectorLogger - NeuroscanImplement.__read_data - INFO - 发送处理数据完毕
2025-02-27 18:25:05.214 - collectorLogger - NeuroscanImplement.__read_data - INFO - 发送处理数据完毕
2025-02-27 18:25:05.216 - collectorLogger - NeuroscanImplement.__read_data - INFO - 发送处理数据完毕
2025-02-27 18:25:05.219 - collectorLogger - NeuroscanImplement.__read_data - INFO - 发送处理数据完毕
2025-02-27 18:25:05.220 - collectorLogger - NeuroscanImplement.__read_data - INFO - 发送处理数据完毕
2025-02-27 18:25:05.222 - collectorLogger - NeuroscanImplement.__read_data - INFO - 发送处理数据完毕
2025-02-27 18:25:05.225 - collectorLogger - NeuroscanImplement.__read_data - INFO - 发送处理数据完毕
2025-02-27 18:25:05.228 - collectorLogger - NeuroscanImplement.__read_data - INFO - 发送处理数据完毕
2025-02-27 18:25:05.230 - collectorLogger - NeuroscanImplement.__read_data - INFO - 发送处理数据完毕
2025-02-27 18:25:05.232 - collectorLogger - NeuroscanImplement.__read_data - INFO - 发送处理数据完毕
2025-02-27 18:25:05.235 - collectorLogger - NeuroscanImplement.__read_data - INFO - 发送处理数据完毕
2025-02-27 18:25:05.237 - collectorLogger - NeuroscanImplement.__read_data - INFO - 发送处理数据完毕
2025-02-27 18:25:05.239 - collectorLogger - NeuroscanImplement.__read_data - INFO - 发送处理数据完毕
2025-02-27 18:25:05.240 - collectorLogger - NeuroscanImplement.__read_data - INFO - 发送处理数据完毕
2025-02-27 18:25:05.242 - collectorLogger - NeuroscanImplement.__read_data - INFO - 发送处理数据完毕
2025-02-27 18:25:05.244 - collectorLogger - NeuroscanImplement.__read_data - INFO - 发送处理数据完毕
2025-02-27 18:25:05.245 - collectorLogger - NeuroscanImplement.__read_data - INFO - 发送处理数据完毕
2025-02-27 18:25:05.247 - collectorLogger - NeuroscanImplement.__read_data - INFO - 发送处理数据完毕
2025-02-27 18:25:05.249 - collectorLogger - NeuroscanImplement.__read_data - INFO - 发送处理数据完毕
2025-02-27 18:25:05.251 - collectorLogger - NeuroscanImplement.__read_data - INFO - 发送处理数据完毕
2025-02-27 18:25:05.253 - collectorLogger - NeuroscanImplement.__read_data - INFO - 发送处理数据完毕
2025-02-27 18:25:05.255 - collectorLogger - NeuroscanImplement.__read_data - INFO - 发送处理数据完毕
2025-02-27 18:25:05.256 - collectorLogger - NeuroscanImplement.__read_data - INFO - 发送处理数据完毕
2025-02-27 18:25:05.258 - collectorLogger - NeuroscanImplement.__read_data - INFO - 发送处理数据完毕
2025-02-27 18:25:05.259 - collectorLogger - NeuroscanImplement.__read_data - INFO - 发送处理数据完毕
2025-02-27 18:25:05.261 - collectorLogger - NeuroscanImplement.__read_data - INFO - 发送处理数据完毕
2025-02-27 18:25:05.263 - collectorLogger - NeuroscanImplement.__read_data - INFO - 发送处理数据完毕
2025-02-27 18:25:05.264 - collectorLogger - NeuroscanImplement.__read_data - INFO - 发送处理数据完毕
2025-02-27 18:25:05.266 - collectorLogger - NeuroscanImplement.__read_data - INFO - 发送处理数据完毕
2025-02-27 18:25:05.268 - collectorLogger - NeuroscanImplement.__read_data - INFO - 发送处理数据完毕
2025-02-27 18:25:05.270 - collectorLogger - NeuroscanImplement.__read_data - INFO - 发送处理数据完毕
2025-02-27 18:25:05.272 - collectorLogger - NeuroscanImplement.__read_data - INFO - 发送处理数据完毕
2025-02-27 18:25:05.275 - collectorLogger - NeuroscanImplement.__read_data - INFO - 发送处理数据完毕
2025-02-27 18:25:05.278 - collectorLogger - NeuroscanImplement.__read_data - INFO - 发送处理数据完毕
2025-02-27 18:25:05.280 - collectorLogger - NeuroscanImplement.__read_data - INFO - 发送处理数据完毕
2025-02-27 18:25:05.282 - collectorLogger - NeuroscanImplement.__read_data - INFO - 发送处理数据完毕
2025-02-27 18:25:05.285 - collectorLogger - NeuroscanImplement.__read_data - INFO - 发送处理数据完毕
2025-02-27 18:25:05.287 - collectorLogger - NeuroscanImplement.__read_data - INFO - 发送处理数据完毕
2025-02-27 18:25:05.289 - collectorLogger - NeuroscanImplement.__read_data - INFO - 发送处理数据完毕
2025-02-27 18:25:05.291 - collectorLogger - NeuroscanImplement.__read_data - INFO - 发送处理数据完毕
